AABA;13/10/2017 06:27:11;NA;4110000;6770000;NA;4110988;6418127;NA;4109907;6509947
AAL;13/10/2017 06:27:28;NA;0;4720000;NA;2943045;5917698;NA;2943045;5981268
AAPL;13/10/2017 06:27:44;NA;16130000;29240000;NA;16125054;27475076;NA;16125054;28990204
ADBE;13/10/2017 06:27:59;NA;2430000;2580000;NA;2430193;2049823;NA;2430193;2137419
ADI;13/10/2017 06:28:14;NA;2310000;2550000;NA;2309617;2262324;NA;2309617;2307139
ADP;13/10/2017 06:28:33;NA;1130000;2890000;NA;1132738;4590166;NA;1132738;4280177
ADSK;13/10/2017 06:28:56;NA;1240000;1830000;NA;1236621;1817829;NA;1236621;1899413
AKAM;13/10/2017 06:29:12;NA;1170000;1640000;NA;1171001;1916483;NA;1171001;1604697
ALXN;13/10/2017 06:29:27;NA;855800;1570000;NA;855800;1561236;NA;855800;1478810
AMAT;13/10/2017 06:29:44;NA;12610000;10690000;NA;12611372;10147733;NA;12611372;10400908
AMGN;13/10/2017 06:30:19;NA;2220000;2670000;NA;2223755;2497100;NA;2223755;2368350
AMZN;13/10/2017 06:30:53;NA;NA;NA;NA;4067317;3382040;NA;4067317;3105392
ATVI;13/10/2017 06:31:08;NA;4720000;6150000;NA;4715631;5891541;NA;4715631;6016393
AVGO;13/10/2017 06:31:20;NA;2010000;2530000;NA;2007191;2455278;NA;2007191;2601009
BATRA;13/10/2017 06:31:35;NA;43334;50193;NA;43334;63032;NA;43334;48223
BATRK;13/10/2017 06:31:47;NA;114956;131507;NA;114956;170029;NA;114956;135049
BBBY;13/10/2017 06:32:02;NA;4810000;4830000;NA;4805413;4249066;NA;4802413;3863086
BIDU;13/10/2017 06:32:21;NA;2190000;2510000;NA;2186058;2912083;NA;2181891;2643821
BIIB;13/10/2017 06:32:38;NA;1120000;1320000;NA;1120224;1265958;NA;1120224;1202508
BMRN;13/10/2017 06:33:08;NA;1290000;1360000;NA;1286640;1318423;NA;1286640;1324122
CA;13/10/2017 06:33:23;NA;1300000;1510000;NA;1295747;2375115;NA;1295747;1975460
CELG;13/10/2017 06:33:38;NA;4250000;40000000;NA;4254177;3598287;NA;4254177;3584946
CERN;13/10/2017 06:33:53;NA;1940000;2200000;NA;1938911;1848929;NA;1938911;1950683
CHKP;13/10/2017 06:34:22;NA;544591;686052;NA;544591;850403;NA;544591;702263
CHTR;13/10/2017 06:34:35;NA;NA;NA;NA;2582612;1775247;NA;2582612;1766110
CMCSA;13/10/2017 06:34:49;NA;50700000;25040000;NA;50704486;20332058;NA;50704486;20818252
COST;13/10/2017 06:35:05;NA;3600000;3440000;NA;3596284;3576866;NA;3596284;3404293
CSCO;13/10/2017 06:35:19;NA;17910000;19340000;NA;17905601;19616303;NA;17905601;20453426
CSX;13/10/2017 06:35:34;NA;5130000;5490000;NA;5134345;6979986;NA;5134345;5818514
CTRP;13/10/2017 06:35:47;NA;2020000;4340000;NA;2024448;4236858;NA;2019227;4697042
CTSH;13/10/2017 06:36:02;NA;2680000;2620000;NA;2675616;2998529;NA;2675616;2937525
CTXS;13/10/2017 06:36:16;NA;1260000;1490000;NA;1256477;1417584;NA;1256477;1516128
DISCA;13/10/2017 06:36:31;NA;11050000;3380000;NA;11046839;4268227;NA;11046839;3581374
DISCK;13/10/2017 06:36:45;NA;5530000;2570000;NA;5532430;2744021;NA;5532430;2695574
DISH;13/10/2017 06:37:00;NA;5240000;2050000;NA;5235637;1940295;NA;5235637;1976669
DLTR;13/10/2017 06:37:13;NA;2190000;2240000;NA;2185270;2597672;NA;2185270;2695146
EA;13/10/2017 06:37:26;NA;2050000;2220000;NA;2046614;2332515;NA;2046614;2131559
EBAY;13/10/2017 06:37:44;NA;10050000;7320000;NA;10045740;8110967;NA;10045740;7139954
ENDP;13/10/2017 06:38:01;NA;0;12708;NA;8339614;5988566;NA;8339614;6539033
ESRX;13/10/2017 06:38:19;NA;3770000;3580000;NA;3766891;3190996;NA;3766891;3246831
EXPE;13/10/2017 06:38:34;NA;1380000;1860000;NA;1383952;1884107;NA;1383952;1949045
FAST;13/10/2017 06:38:47;NA;4630000;2590000;NA;4633013;3169376;NA;4633013;2564566
FB;13/10/2017 06:39:01;NA;10350000;14390000;NA;10351044;15857487;NA;10351044;13643242
FISV;13/10/2017 06:39:16;NA;1410000;787323;NA;1410669;756449;NA;1410669;781233
FOX;13/10/2017 06:39:31;NA;NA;NA;NA;4765116;2504941;NA;4765116;2597830
FOXA;13/10/2017 06:39:43;NA;13160000;7270000;NA;13160657;7537969;NA;13160657;6883057
GILD;13/10/2017 06:39:57;NA;6760000;10590000;NA;6763601;9321046;NA;6763601;9597431
GOOG;13/10/2017 06:40:10;NA;1260000;1330000;NA;1262793;1428675;NA;1262793;1276871
GOOGL;13/10/2017 06:40:22;NA;NA;NA;NA;1530664;1618635;NA;1530664;1448393
HSIC;13/10/2017 06:40:37;NA;811887;1500000;NA;811887;1225260;NA;811887;1397715
ILMN;13/10/2017 06:40:51;NA;657641;742273;NA;657641;883267;NA;657641;857061
INCY;13/10/2017 06:41:07;NA;1590000;1980000;NA;1590822;1463944;NA;1590822;1567546
INTC;13/10/2017 06:41:22;NA;18290000;22760000;NA;18286944;22274740;NA;18286944;22157468
INTU;13/10/2017 06:41:37;NA;1090000;1390000;NA;1094502;1298739;NA;1094502;1352064
ISRG;13/10/2017 06:41:52;NA;842875;748018;NA;842875;919923;NA;842875;807582
JD;13/10/2017 06:42:08;NA;14540000;13440000;NA;14544883;12977575;NA;14512304;14204965
KHC;13/10/2017 06:42:21;NA;2490000;3420000;NA;2485407;3111267;NA;2485407;3265427
LBTYA;13/10/2017 06:42:35;NA;2860000;2270000;NA;2858190;2107047;NA;2858190;2184683
LBTYK;13/10/2017 06:42:47;NA;3870000;3160000;NA;3874481;2788149;NA;3874481;NA
LLTC;13/10/2017 06:43:13;NA;0;2660000;NA;0;NA;NA;NA;NA
LMCA;13/10/2017 06:43:41;NA;0;357056;NA;0;NA;NA;NA;NA
LMCK;13/10/2017 06:43:50;NA;NA;NA;NA;NA;NA;NA;NA;NA
LRCX;13/10/2017 06:44:01;NA;2140000;1890000;NA;2138747;2133367;NA;2138747;2054755
LVNTA;13/10/2017 06:44:15;NA;771655;548646;NA;771655;583636;NA;771655;534504
MAR;13/10/2017 06:44:44;NA;1740000;2230000;NA;1739112;2133798;NA;1739112;2306823
MAT;13/10/2017 06:45:01;NA;6560000;8060000;NA;6555915;7492133;NA;6555915;7254924
MDLZ;13/10/2017 06:45:13;NA;5110000;9990000;NA;5110189;8345689;NA;5110189;9141761
MELI;13/10/2017 06:45:28;NA;3160000;651177;NA;3157432;775609;NA;3130103;804133
MNST;13/10/2017 06:45:50;NA;8731;9492;NA;1398891;1854358;NA;1398891;1925011
MSFT;13/10/2017 06:46:02;NA;16880000;17930000;NA;16876538;19967098;NA;16876538;17876252
MU;13/10/2017 06:46:15;NA;66790000;35680000;NA;66789764;30723946;NA;66789764;30873788
MXIM;13/10/2017 06:46:32;NA;1450000;1790000;NA;1447144;2036133;NA;1447144;1900491
MYL;13/10/2017 06:46:44;NA;NA;NA;NA;3954181;7126792;NA;3954181;8206194
NCLH;13/10/2017 06:46:57;NA;33550000;2140000;NA;33545860;1979126;NA;33545860;2259550
NFLX;13/10/2017 06:47:10;NA;7750000;6710000;NA;7753341;7345480;NA;7753341;6356672
NTAP;13/10/2017 06:47:25;NA;3470000;2830000;NA;3473601;3149329;NA;3473601;2931847
NTES;13/10/2017 06:47:38;NA;899960;1350000;NA;899960;1309756;NA;899937;1435331
NVDA;13/10/2017 06:48:07;NA;13210000;16330000;NA;13207315;16984232;NA;13207315;16452465
NXPI;13/10/2017 06:48:33;NA;1270000;1550000;NA;1273664;1703586;NA;1273664;1564332
ORLY;13/10/2017 06:48:46;NA;707092;1060000;NA;707092;1410195;NA;707092;1209048
PAYX;13/10/2017 06:49:00;NA;2060000;2160000;NA;2055148;2205732;NA;2055148;2124020
PCAR;13/10/2017 06:49:14;NA;2730000;1650000;NA;2732121;1615824;NA;2732121;1581190
PCLN;13/10/2017 06:49:27;NA;NA;NA;NA;235260;427736;NA;235260;450179
PYPL;13/10/2017 06:49:40;NA;8890000;6870000;NA;8888300;7466816;NA;8888300;6448773
QCOM;13/10/2017 06:49:53;NA;7060000;7630000;NA;7062303;8276407;NA;7062303;7741777
QVCA;13/10/2017 06:50:07;NA;4460000;3820000;NA;4455769;3705000;NA;4455769;3950286
REGN;13/10/2017 06:50:19;NA;704789;838802;NA;704789;740938;NA;704789;751511
ROST;13/10/2017 06:50:32;NA;3250000;2790000;NA;3254305;3509800;NA;3254305;3362673
SBAC;13/10/2017 06:50:44;NA;1150000;2060000;NA;1147346;1476303;NA;1147346;1657469
SBUX;13/10/2017 06:50:58;NA;7230000;8530000;NA;7234267;10152370;NA;7234267;9196972
SIRI;13/10/2017 06:51:10;NA;181350000;121630000;NA;20327637;17443807;NA;20327637;15978892
SRCL;13/10/2017 06:51:27;NA;816712;636157;NA;816712;741162;NA;816712;792932
STX;13/10/2017 06:51:56;NA;5110000;4800000;NA;5111119;5475684;NA;5111119;4666430
SWKS;13/10/2017 06:52:09;NA;1100000;1520000;NA;1103417;1613803;NA;1103417;1469166
SYMC;13/10/2017 06:52:23;NA;3770000;6080000;NA;3770596;6787610;NA;3770596;6891131
TMUS;13/10/2017 06:52:36;NA;2510000;3840000;NA;2506553;3613406;NA;2506553;3266711
TRIP;13/10/2017 06:53:04;NA;2490000;2540000;NA;2490496;2973892;NA;2490496;3175065
TSCO;13/10/2017 06:53:16;NA;3090000;1770000;NA;3094368;2219038;NA;3094368;1969334
TSLA;13/10/2017 06:53:31;NA;4090000;5670000;NA;4087048;6136770;NA;4087048;5824770
TXN;13/10/2017 06:53:43;NA;3540000;40000000;NA;3537901;4021916;NA;3537901;3877515
ULTA;13/10/2017 06:53:57;NA;5500000;1110000;NA;5495992;1305640;NA;5495992;1316380
VIAB;13/10/2017 06:54:10;NA;17930000;4880000;NA;17926619;5135230;NA;17926619;5279845
VOD;13/10/2017 06:54:25;NA;4930000;2600000;NA;4929492;2582615;NA;4929492;2602304
VRTX;13/10/2017 06:54:37;NA;1540000;1530000;NA;1535039;1832384;NA;1535039;1365166
WBA;13/10/2017 06:54:50;NA;6120000;6890000;NA;6119253;5779061;NA;6119253;5876789
WDC;13/10/2017 06:55:20;NA;2160000;4320000;NA;2160699;4191255;NA;2160699;4225212
WFM;13/10/2017 06:55:31;NA;0;6390000;NA;NA;NA;NA;NA;NA
XLNX;13/10/2017 06:55:44;NA;2190000;2150000;NA;2185935;2369878;NA;2185935;2204962
AABA;13/10/2017 07:27:42;NA;4110000;6770000;NA;4110988;6391570;NA;4109907;6509947
AAL;13/10/2017 07:27:56;NA;189016;4720000;NA;2943045;5834535;NA;2943045;5981268
AAPL;13/10/2017 07:28:14;NA;16130000;29240000;NA;16125054;27339878;NA;16125054;28990204
ADBE;13/10/2017 07:28:29;NA;2430000;2580000;NA;2430193;2059329;NA;2430193;2137419
ADI;13/10/2017 07:28:48;NA;2310000;2550000;NA;2309617;2257926;NA;2309617;2307139
ADP;13/10/2017 07:29:02;NA;1130000;2890000;NA;1132738;4590166;NA;1132738;4280177
ADSK;13/10/2017 07:29:19;NA;1240000;1830000;NA;1236621;1796521;NA;1236621;1899413
AKAM;13/10/2017 07:29:36;NA;1170000;1640000;NA;1171001;1911213;NA;1171001;1604697
ALXN;13/10/2017 07:29:57;NA;855800;1570000;NA;855800;1553300;NA;855800;1478810
AMAT;13/10/2017 07:30:13;NA;12610000;10690000;NA;12611372;10181586;NA;12611372;10400908
AMGN;13/10/2017 07:30:52;NA;2220000;2670000;NA;2223755;2500587;NA;2223755;2368350
AMZN;13/10/2017 07:31:34;NA;NA;NA;NA;4067317;3382040;NA;4067317;3105392
ATVI;13/10/2017 07:31:49;NA;4720000;6150000;NA;4715631;5808538;NA;4715631;6016393
AVGO;13/10/2017 07:32:04;NA;2010000;2530000;NA;2007191;2444020;NA;2007191;2601009
BATRA;13/10/2017 07:32:21;NA;43334;50193;NA;43334;59870;NA;43334;48223
BATRK;13/10/2017 07:32:36;NA;114956;131507;NA;114956;169406;NA;114956;135049
BBBY;13/10/2017 07:32:53;NA;4810000;4830000;NA;4805413;4278696;NA;4802413;3863086
BIDU;13/10/2017 07:33:11;NA;2190000;2510000;NA;2186058;2916521;NA;2181891;2643821
BIIB;13/10/2017 07:33:26;NA;1120000;1320000;NA;1120224;1261390;NA;1120224;1202508
BMRN;13/10/2017 07:33:58;NA;1290000;1360000;NA;1286640;1316367;NA;1286640;1324122
CA;13/10/2017 07:34:12;NA;1300000;1510000;NA;1295747;2354332;NA;1295747;1975460
CELG;13/10/2017 07:34:25;NA;4250000;40000000;NA;4254177;3626889;NA;4254177;3584946
CERN;13/10/2017 07:34:39;NA;1940000;2200000;NA;1938911;1859973;NA;1938911;1950683
CHKP;13/10/2017 07:35:06;NA;544591;686052;NA;544591;845364;NA;544591;702263
CHTR;13/10/2017 07:35:30;NA;NA;NA;NA;2582612;1798495;NA;2582612;1766110
CMCSA;13/10/2017 07:35:44;NA;50700000;25040000;NA;50704486;20905710;NA;50704486;20818252
COST;13/10/2017 07:35:58;NA;3600000;3440000;NA;3596284;3553501;NA;3596284;3404293
CSCO;13/10/2017 07:36:14;NA;17910000;19340000;NA;17905601;19616303;NA;17905601;20453426
CSX;13/10/2017 07:36:26;NA;5130000;5490000;NA;5134345;6991933;NA;5134345;5818514
CTRP;13/10/2017 07:36:39;NA;2020000;4340000;NA;2024448;4229803;NA;2019227;4697042
CTSH;13/10/2017 07:36:53;NA;2680000;2620000;NA;2675616;2990813;NA;2675616;2937525
CTXS;13/10/2017 07:37:09;NA;1260000;1490000;NA;1256477;1419447;NA;1256477;1516128
DISCA;13/10/2017 07:37:22;NA;11050000;3380000;NA;11046839;4419536;NA;11046839;3581374
DISCK;13/10/2017 07:37:37;NA;5530000;2570000;NA;5532430;2814826;NA;5532430;2695574
DISH;13/10/2017 07:37:52;NA;5240000;2050000;NA;5235637;1995969;NA;5235637;1976669
DLTR;13/10/2017 07:38:06;NA;2190000;2240000;NA;2185270;2608164;NA;2185270;2695146
EA;13/10/2017 07:38:19;NA;2050000;2220000;NA;2046614;2334095;NA;2046614;2131559
EBAY;13/10/2017 07:38:33;NA;10050000;7320000;NA;10045740;8058592;NA;10045740;7139954
ENDP;13/10/2017 07:38:44;NA;0;12708;NA;8339614;6055033;NA;8339614;6539033
ESRX;13/10/2017 07:39:01;NA;3770000;3580000;NA;3766891;3206644;NA;3766891;3246831
EXPE;13/10/2017 07:39:15;NA;1380000;1860000;NA;1383952;1882746;NA;1383952;1949045
FAST;13/10/2017 07:39:30;NA;4630000;2590000;NA;4633013;2962253;NA;4633013;2564566
FB;13/10/2017 07:39:45;NA;10350000;14390000;NA;10351044;15857487;NA;10351044;13643242
FISV;13/10/2017 07:39:57;NA;1410000;787323;NA;1410669;768056;NA;1410669;781233
FOX;13/10/2017 07:40:11;NA;NA;NA;NA;4765116;2542049;NA;4765116;2597830
FOXA;13/10/2017 07:40:23;NA;13160000;7270000;NA;13160657;7605123;NA;13160657;6883057
GILD;13/10/2017 07:40:37;NA;6760000;10590000;NA;6763601;9321046;NA;6763601;9597431
GOOG;13/10/2017 07:40:50;NA;1260000;1330000;NA;1262793;1424526;NA;1262793;1276871
GOOGL;13/10/2017 07:41:05;NA;NA;NA;NA;1530664;1618635;NA;1530664;1448393
HSIC;13/10/2017 07:41:48;NA;811887;1500000;NA;NA;NA;NA;811887;1397715
ILMN;13/10/2017 07:42:02;NA;657641;742273;NA;657641;881261;NA;657641;857061
INCY;13/10/2017 07:42:15;NA;1590000;1980000;NA;1590822;1475876;NA;1590822;1567546
INTC;13/10/2017 07:42:30;NA;18290000;22760000;NA;18286944;22190283;NA;18286944;22157468
INTU;13/10/2017 07:42:44;NA;1090000;1390000;NA;1094502;1295035;NA;1094502;1352064
ISRG;13/10/2017 07:43:02;NA;842875;748018;NA;842875;919923;NA;842875;807582
JD;13/10/2017 07:43:07;NA;14540000;13440000;NA;14544883;13072915;NA;14512304;14204965
KHC;13/10/2017 07:43:11;NA;2490000;3420000;NA;2485407;3087506;NA;2485407;3265427
LBTYA;13/10/2017 07:43:19;NA;2860000;2270000;NA;2858190;2090332;NA;2858190;2184683
LBTYK;13/10/2017 07:43:37;NA;3870000;3160000;NA;3874481;2821703;NA;3874481;NA
LLTC;13/10/2017 07:44:16;NA;0;2660000;NA;NA;NA;NA;NA;NA
LMCA;13/10/2017 07:44:55;NA;0;357056;NA;NA;NA;NA;NA;NA
LMCK;13/10/2017 07:45:08;NA;NA;NA;NA;NA;NA;NA;NA;NA
LRCX;13/10/2017 07:45:25;NA;2140000;1890000;NA;NA;NA;NA;2138747;2054755
LVNTA;13/10/2017 07:45:41;NA;771655;548646;NA;771655;583367;NA;771655;534504
MAR;13/10/2017 07:46:18;NA;1740000;2230000;NA;1739112;2131140;NA;1739112;2306823
MAT;13/10/2017 07:46:33;NA;6560000;8060000;NA;6555915;7548581;NA;6555915;7254924
MDLZ;13/10/2017 07:46:49;NA;5110000;9990000;NA;5110189;8341547;NA;5110189;9141761
MELI;13/10/2017 07:47:10;NA;3160000;651177;NA;3157432;811793;NA;3130103;804133
MNST;13/10/2017 07:47:48;NA;8731;9492;NA;1398891;1856035;NA;1398891;1925011
MSFT;13/10/2017 07:48:04;NA;16880000;17930000;NA;16876538;19967098;NA;16876538;17876252
MU;13/10/2017 07:48:25;NA;66790000;35680000;NA;66789764;30723946;NA;66789764;30873788
MXIM;13/10/2017 07:48:44;NA;1450000;1790000;NA;1447144;2026895;NA;1447144;1900491
MYL;13/10/2017 07:49:02;NA;NA;NA;NA;3954181;7136870;NA;3954181;8206194
NCLH;13/10/2017 07:49:16;NA;33550000;2140000;NA;33545860;2476684;NA;33545860;2259550
NFLX;13/10/2017 07:49:33;NA;7750000;6710000;NA;7753341;7345480;NA;7753341;6356672
NTAP;13/10/2017 07:49:51;NA;3470000;2830000;NA;3473601;3162407;NA;3473601;2931847
NTES;13/10/2017 07:50:25;NA;899960;1350000;NA;899960;1307072;NA;899937;1435331
NVDA;13/10/2017 07:50:51;NA;13210000;16330000;NA;13207315;16744613;NA;13207315;16452465
NXPI;13/10/2017 07:51:28;NA;1270000;1550000;NA;1273664;1679160;NA;1273664;1564332
ORLY;13/10/2017 07:51:34;NA;707092;1060000;NA;707092;1375143;NA;707092;1209048
PAYX;13/10/2017 07:51:48;NA;2060000;2160000;NA;2055148;2208896;NA;2055148;2124020
PCAR;13/10/2017 07:52:09;NA;2730000;1650000;NA;2732121;1636687;NA;2732121;1581190
PCLN;13/10/2017 07:52:28;NA;NA;NA;NA;235260;427736;NA;235260;450179
PYPL;13/10/2017 07:52:44;NA;8890000;6870000;NA;8888300;7331030;NA;8888300;6448773
QCOM;13/10/2017 07:52:55;NA;7060000;7630000;NA;7062303;8290338;NA;7062303;7741777
QVCA;13/10/2017 07:53:12;NA;4460000;3820000;NA;4455769;3727478;NA;4455769;3950286
REGN;13/10/2017 07:53:30;NA;704789;838802;NA;NA;NA;NA;704789;751511
ROST;13/10/2017 07:53:56;NA;3250000;2790000;NA;3254305;3492727;NA;3254305;3362673
SBAC;13/10/2017 07:54:06;NA;1150000;2060000;NA;1147346;1483024;NA;1147346;1657469
SBUX;13/10/2017 07:54:25;NA;7230000;8530000;NA;7234267;10153284;NA;7234267;9196972
SIRI;13/10/2017 07:54:43;NA;181350000;121630000;NA;20327637;17494480;NA;20327637;15978892
SRCL;13/10/2017 07:55:05;NA;816712;636157;NA;816712;743389;NA;816712;792932
STX;13/10/2017 07:55:52;NA;5110000;4800000;NA;5111119;5475684;NA;5111119;4666430
SWKS;13/10/2017 07:56:08;NA;1100000;1520000;NA;1103417;1606075;NA;1103417;1469166
SYMC;13/10/2017 07:56:29;NA;3770000;6080000;NA;3770596;6716566;NA;3770596;6891131
TMUS;13/10/2017 07:56:54;NA;2510000;3840000;NA;2506553;3604952;NA;2506553;3266711
TRIP;13/10/2017 07:57:15;NA;2490000;2540000;NA;2490496;2984590;NA;2490496;3175065
TSCO;13/10/2017 07:57:29;NA;3090000;1770000;NA;3094368;2228335;NA;3094368;1969334
TSLA;13/10/2017 07:57:41;NA;4090000;5670000;NA;4087048;6039986;NA;4087048;5824770
TXN;13/10/2017 07:58:09;NA;3540000;40000000;NA;3537901;4014656;NA;3537901;3877515
ULTA;13/10/2017 07:58:33;NA;5500000;1110000;NA;5495992;1360760;NA;5495992;1316380
VIAB;13/10/2017 07:58:56;NA;17930000;4880000;NA;17926619;5357960;NA;17926619;5279845
VOD;13/10/2017 07:59:15;NA;4930000;2600000;NA;4929492;2603050;NA;4929492;2602304
VRTX;13/10/2017 07:59:29;NA;1540000;1530000;NA;1535039;1835249;NA;1535039;1365166
WBA;13/10/2017 07:59:49;NA;6120000;6890000;NA;6119253;5806023;NA;6119253;5876789
WDC;13/10/2017 08:00:39;NA;2160000;4320000;NA;2160699;4139024;NA;2160699;4225212
WFM;13/10/2017 08:00:47;NA;0;6390000;NA;NA;NA;NA;NA;NA
XLNX;13/10/2017 08:01:06;NA;0;2150000;NA;2185935;2378466;NA;2185935;2204962
AABA;13/10/2017 12:51:21;NA;550;6730000;NA;4110988;6391570;NA;4109907;6475243
AAL;13/10/2017 12:51:29;NA;2240000;4630000;NA;2943045;5834535;NA;2943045;5946487
AAPL;13/10/2017 12:51:34;NA;342393;28860000;NA;16125054;27339878;NA;16125054;27913972
ADBE;13/10/2017 12:51:42;NA;25919;2610000;NA;2430193;2059329;NA;2430193;2143784
ADI;13/10/2017 12:51:49;NA;19472;2400000;NA;2309617;2257926;NA;2309617;2308313
ADP;13/10/2017 12:51:56;NA;23344;2630000;NA;1132738;4590166;NA;1132738;4103369
ADSK;13/10/2017 12:52:04;NA;11515;1820000;NA;1236621;1796521;NA;1236621;1889001
AKAM;13/10/2017 12:52:14;NA;9005;1620000;NA;1171001;1911213;NA;1171001;1592842
ALXN;13/10/2017 12:52:23;NA;11724;1560000;NA;855800;1553300;NA;855800;1462372
AMAT;13/10/2017 12:52:31;NA;59991;10820000;NA;12611372;10181586;NA;12611372;10340496
AMGN;13/10/2017 12:52:40;NA;38390;2670000;NA;2223755;2500587;NA;2223755;2368641
AMZN;13/10/2017 12:52:44;NA;NA;NA;NA;4067317;3382040;NA;4067317;3105335
ATVI;13/10/2017 12:52:48;NA;40598;6060000;NA;4715631;5808538;NA;4715631;5999521
AVGO;13/10/2017 12:52:52;NA;21729;2520000;NA;2007191;2443520;NA;2007191;2567212
BATRA;13/10/2017 12:52:57;NA;0;50638;NA;43334;59870;NA;43334;47254
BATRK;13/10/2017 12:53:02;NA;0;132001;NA;114956;169406;NA;114956;134134
BBBY;13/10/2017 12:53:16;NA;0;4940000;NA;4805413;4278696;NA;4802413;3912597
BIDU;13/10/2017 12:53:39;NA;2949;2520000;NA;2186058;2916521;NA;2181891;2613754
BIIB;13/10/2017 12:54:25;NA;11107;1300000;NA;1120224;1261390;NA;1120224;1199324
BMRN;13/10/2017 12:54:31;NA;0;1320000;NA;1286640;1316367;NA;1286640;1316057
CA;13/10/2017 12:54:51;NA;16598;1490000;NA;1295747;2354332;NA;1295747;1940262
CELG;13/10/2017 12:54:55;NA;42055;4020000;NA;4254177;3626889;NA;4254177;3608971
CERN;13/10/2017 12:55:01;NA;16648;2230000;NA;1938911;1859973;NA;1938911;1956378
CHKP;13/10/2017 12:55:08;NA;0;683396;NA;544591;845364;NA;544591;693105
CHTR;13/10/2017 12:55:13;NA;NA;NA;NA;2582612;1798495;NA;2582612;1790354
CMCSA;13/10/2017 12:55:17;NA;247105;26340000;NA;50704486;20905710;NA;50704486;21486703
COST;13/10/2017 12:55:21;NA;23419;3480000;NA;3596284;3553501;NA;3596284;3366492
CSCO;13/10/2017 12:55:25;NA;262679;19170000;NA;17905601;19616303;NA;17905601;20494625
CSX;13/10/2017 12:55:28;NA;47978;5450000;NA;5134345;6991933;NA;5134345;5744376
CTRP;13/10/2017 12:55:33;NA;100;4250000;NA;2024448;4229803;NA;2019227;4634391
CTSH;13/10/2017 12:55:36;NA;31026;2650000;NA;2675616;2990813;NA;2675616;2830606
CTXS;13/10/2017 12:55:40;NA;7561;1490000;NA;1256477;1419447;NA;1256477;1502398
DISCA;13/10/2017 12:56:28;NA;8086;3660000;NA;11046839;4419536;NA;11046839;3701809
DISCK;13/10/2017 12:56:32;NA;10676;2670000;NA;5532430;2814826;NA;5532430;2651250
DISH;13/10/2017 12:56:36;NA;13417;2180000;NA;5235637;1995969;NA;5235637;2017422
DLTR;13/10/2017 12:56:40;NA;12543;2220000;NA;2185270;2608164;NA;2185270;2694943
EA;13/10/2017 12:56:44;NA;16222;2220000;NA;2046614;2334095;NA;2046614;2110259
EBAY;13/10/2017 12:56:47;NA;52292;7380000;NA;10045740;8058592;NA;10045740;7211185
ENDP;13/10/2017 12:56:52;NA;0;12708;NA;8339614;6055033;NA;8339614;6628954
ESRX;13/10/2017 12:56:56;NA;30700;3640000;NA;3766891;3206644;NA;3766891;3259451
EXPE;13/10/2017 12:57:00;NA;6418;1790000;NA;1383952;1882746;NA;1383952;1943923
FAST;13/10/2017 12:57:04;NA;15128;2680000;NA;4633013;2962253;NA;4633013;2600095
FB;13/10/2017 12:57:08;NA;154542;14370000;NA;10351044;15857487;NA;10351044;13501586
FISV;13/10/2017 12:57:12;NA;11056;815248;NA;1410669;768056;NA;1410669;764898
FOX;13/10/2017 12:57:15;NA;NA;NA;NA;4765116;2542049;NA;4765116;2645921
FOXA;13/10/2017 12:57:21;NA;55292;7580000;NA;13160657;7605123;NA;13160657;6961373
GILD;13/10/2017 12:57:24;NA;79368;9620000;NA;6763601;9321046;NA;6763601;9590980
GOOG;13/10/2017 12:57:28;NA;16919;1330000;NA;1262793;1424526;NA;1262793;1265638
GOOGL;13/10/2017 12:57:31;NA;NA;NA;NA;1530664;1618635;NA;1530664;1438218
HSIC;13/10/2017 12:57:34;NA;8335;1480000;NA;811887;1223187;NA;811887;1396653
ILMN;13/10/2017 12:57:38;NA;7670;737568;NA;657641;881261;NA;657641;769989
INCY;13/10/2017 12:57:42;NA;8976;1940000;NA;1590822;1475876;NA;1590822;1569756
INTC;13/10/2017 12:57:45;NA;253433;22750000;NA;18286944;22190283;NA;18286944;21823121
INTU;13/10/2017 12:57:49;NA;12787;1370000;NA;1094502;1291556;NA;1094502;1349187
ISRG;13/10/2017 12:57:52;NA;5876;754889;NA;842875;919923;NA;842875;806244
JD;13/10/2017 12:57:56;NA;16495;13600000;NA;14544883;13075984;NA;14512304;14337108
KHC;13/10/2017 12:58:00;NA;31897;3390000;NA;2485407;3087506;NA;2485407;3239725
LBTYA;13/10/2017 12:58:05;NA;0;2330000;NA;2858190;2090332;NA;2858190;2175119
LBTYK;13/10/2017 12:58:09;NA;0;3260000;NA;3874481;2821703;NA;3874481;NA
LLTC;13/10/2017 12:58:15;NA;0;2660000;NA;NA;NA;NA;NA;NA
LMCA;13/10/2017 12:58:21;NA;0;357056;NA;NA;NA;NA;NA;NA
LMCK;13/10/2017 12:58:24;NA;NA;NA;NA;NA;NA;NA;NA;NA
LRCX;13/10/2017 12:58:28;NA;9014;1910000;NA;2138747;2138914;NA;2138747;2001784
LVNTA;13/10/2017 12:58:32;NA;0;563945;NA;771655;583367;NA;771655;533622
MAR;13/10/2017 12:58:39;NA;16434;2230000;NA;1739112;2131140;NA;1739112;2297950
MAT;13/10/2017 12:58:43;NA;18004;8170000;NA;6555915;7548581;NA;6555915;7221806
MDLZ;13/10/2017 12:58:46;NA;79199;9240000;NA;5110189;8341547;NA;5110189;8975180
MELI;13/10/2017 12:58:50;NA;596;711596;NA;3157432;811793;NA;3130103;850000
MNST;13/10/2017 12:58:55;NA;0;9660;NA;1398891;1856035;NA;1398891;1918229
MSFT;13/10/2017 12:58:59;NA;419816;17930000;NA;16876538;19967098;NA;16876538;17683799
MU;13/10/2017 12:59:03;NA;208658;37320000;NA;66789764;30723946;NA;66789764;31665064
MXIM;13/10/2017 12:59:06;NA;0;1770000;NA;1447144;2026895;NA;1447144;1858234
MYL;13/10/2017 12:59:10;NA;NA;NA;NA;3954181;7136870;NA;3954181;8134935
NCLH;13/10/2017 12:59:14;NA;9349;3210000;NA;33545860;2476684;NA;33545860;2905333
NFLX;13/10/2017 12:59:19;NA;156032;6700000;NA;7753341;7345480;NA;7753341;6396312
NTAP;13/10/2017 12:59:23;NA;14171;2900000;NA;3473601;3162407;NA;3473601;2970536
NTES;13/10/2017 12:59:26;NA;57;1330000;NA;899960;1307072;NA;899937;1422586
NVDA;13/10/2017 12:59:33;NA;229959;16450000;NA;13207315;16744613;NA;13207315;16477390
NXPI;13/10/2017 12:59:39;NA;2;1560000;NA;1273664;1679160;NA;1273664;1521657
ORLY;13/10/2017 12:59:42;NA;4624;1050000;NA;707092;1375143;NA;707092;1184424
PAYX;13/10/2017 12:59:46;NA;16803;2190000;NA;2055148;2208896;NA;2055148;2115045
PCAR;13/10/2017 12:59:50;NA;18458;1690000;NA;2732121;1636629;NA;2732121;1600684
PCLN;13/10/2017 12:59:54;NA;2588;363531;NA;235260;427736;NA;235260;447798
PYPL;13/10/2017 12:59:57;NA;76312;6970000;NA;8888300;7331030;NA;8888300;6496193
QCOM;13/10/2017 13:00:01;NA;78219;7700000;NA;7062303;8290338;NA;7062303;7421343
QVCA;13/10/2017 13:00:05;NA;0;3860000;NA;4455769;3727478;NA;4455769;3982285
REGN;13/10/2017 13:00:10;NA;4036;837981;NA;704789;742804;NA;704789;746443
ROST;13/10/2017 13:00:13;NA;20444;2790000;NA;3254305;3492727;NA;3254305;3378322
SBAC;13/10/2017 13:00:19;NA;6323;2030000;NA;1147346;1483024;NA;1147346;1663768
SBUX;13/10/2017 13:00:23;NA;77249;8580000;NA;7234267;10153284;NA;7234267;9046864
SIRI;13/10/2017 13:00:27;NA;181350000;121630000;NA;20327637;17494256;NA;20327637;16016709
SRCL;13/10/2017 13:00:32;NA;4483;647076;NA;816712;745846;NA;816712;797724
STX;13/10/2017 13:00:39;NA;15136;4850000;NA;5111119;5475684;NA;5111119;4651885
SWKS;13/10/2017 13:00:44;NA;9802;1500000;NA;1103417;1606075;NA;1103417;1450730
SYMC;13/10/2017 13:00:48;NA;32283;6050000;NA;3770596;6716566;NA;3770596;6754520
TMUS;13/10/2017 13:00:53;NA;0;3870000;NA;2506553;3604952;NA;2506553;3243671
TRIP;13/10/2017 13:01:07;NA;5690;2560000;NA;2490496;2984590;NA;2490496;3170821
TSCO;13/10/2017 13:01:13;NA;6656;1820000;NA;3094368;2228335;NA;3094368;2002796
TSLA;13/10/2017 13:01:17;NA;16119;5690000;NA;4087048;6039986;NA;4087048;5644646
TXN;13/10/2017 13:01:21;NA;52008;3970000;NA;3537901;4014656;NA;3537901;3884676
ULTA;13/10/2017 13:01:24;NA;3383;1250000;NA;5495992;1360760;NA;5495992;1402534
VIAB;13/10/2017 13:01:29;NA;19229;5360000;NA;17926619;5357960;NA;17926619;5508810
VOD;13/10/2017 13:01:33;NA;76369;2660000;NA;4929492;2603050;NA;4929492;2667783
VRTX;13/10/2017 13:01:37;NA;13244;1540000;NA;1535039;1835249;NA;1535039;1360234
WBA;13/10/2017 13:01:41;NA;48344;6970000;NA;6119253;5806023;NA;6119253;5914845
WDC;13/10/2017 13:01:47;NA;16651;4270000;NA;2160699;4139024;NA;2160699;4193277
WFM;13/10/2017 13:01:51;NA;0;6390000;NA;NA;NA;NA;NA;NA
XLNX;13/10/2017 13:01:55;NA;13059;2160000;NA;2185935;2378466;NA;2185935;2195203
AABA;13/10/2017 14:03:45;10:03;447399;6730000;10:03;653896;6391570;9:48;447799;6475243
AAL;13/10/2017 14:03:48;NA;2760000;4630000;10:03;445623;5834535;9:48;296642;5946487
AAPL;13/10/2017 14:03:52;10:03;2100000;28860000;10:03;3060542;27339878;9:48;2114694;27913972
ADBE;13/10/2017 14:03:55;10:03;146113;2610000;10:03;200081;2059329;9:48;146400;2143784
ADI;13/10/2017 14:03:59;10:03;115350;2400000;10:03;167537;2257926;9:48;115456;2308313
ADP;13/10/2017 14:04:03;10:03;86553;2630000;10:03;125186;4590166;9:49;86568;4103369
ADSK;13/10/2017 14:04:06;10:04;96747;1820000;10:04;149728;1796521;9:49;96747;1889001
AKAM;13/10/2017 14:04:10;10:03;62362;1620000;10:03;101175;1911213;9:49;64292;1592842
ALXN;13/10/2017 14:04:13;10:03;123011;1560000;10:03;160945;1553300;9:49;123011;1462372
AMAT;13/10/2017 14:04:17;10:04;1330000;10820000;10:04;1964263;10181586;9:49;1327058;10340496
AMGN;13/10/2017 14:04:23;10:04;204096;2670000;10:04;323598;2500587;9:49;204096;2368641
AMZN;13/10/2017 14:04:28;10:04;369190;2990000;10:04;518064;3382040;9:49;369822;3105335
ATVI;13/10/2017 14:04:32;10:04;762242;6060000;10:04;982860;5808538;9:49;762242;5999521
AVGO;13/10/2017 14:04:35;10:04;132129;2520000;10:04;195272;2443520;9:49;132129;2567212
BATRA;13/10/2017 14:04:39;10:03;764;50638;10:03;1068;59870;9:49;764;47254
BATRK;13/10/2017 14:04:42;10:04;5156;132001;10:04;7294;169406;9:49;5156;134134
BBBY;13/10/2017 14:04:46;10:04;228867;4940000;10:04;331651;4278696;9:49;228967;3912597
BIDU;13/10/2017 14:04:49;10:04;284549;2520000;10:04;372269;2916521;9:49;284549;2613754
BIIB;13/10/2017 14:04:53;10:04;97393;1300000;10:04;140292;1261390;9:49;97191;1199324
BMRN;13/10/2017 14:04:59;10:03;59203;1320000;10:04;86755;1316367;9:49;60055;1316057
CA;13/10/2017 14:05:04;10:03;82450;1490000;10:03;114342;2354332;9:50;82450;1940262
CELG;13/10/2017 14:05:08;10:05;309643;4020000;10:05;521673;3626889;9:50;314208;3608971
CERN;13/10/2017 14:05:13;10:05;308496;2230000;10:05;400787;1859973;9:50;308968;1956378
CHKP;13/10/2017 14:05:19;10:04;120769;683396;10:04;148448;845364;9:50;120793;693105
CHTR;13/10/2017 14:05:24;NA;NA;NA;10:05;395929;1798495;9:50;214068;1790354
CMCSA;13/10/2017 14:05:27;10:05;4230000;26340000;10:05;7633039;20905710;9:50;4242494;21486703
COST;13/10/2017 14:05:31;10:05;309969;3480000;10:05;448042;3553501;9:50;310138;3366492
CSCO;13/10/2017 14:05:35;10:05;1430000;19170000;10:05;1937374;19616303;9:50;1434771;20494625
CSX;13/10/2017 14:05:39;10:05;481443;5450000;10:05;604509;6991933;9:50;486448;5744376
CTRP;13/10/2017 14:05:43;10:05;347818;4250000;10:05;446150;4229992;9:50;348645;4634391
CTSH;13/10/2017 14:05:46;10:05;186052;2650000;10:05;220343;2990813;9:50;186052;2830606
CTXS;13/10/2017 14:05:50;10:05;49982;1490000;10:05;72892;1419447;9:50;49982;1502398
DISCA;13/10/2017 14:05:54;10:05;718133;3660000;10:05;1187219;4419536;9:50;724436;3701809
DISCK;13/10/2017 14:05:57;10:05;463098;2670000;10:05;626912;2814826;9:50;463148;2651250
DISH;13/10/2017 14:06:01;10:05;715953;2180000;10:05;952283;1995969;9:51;717553;2017422
DLTR;13/10/2017 14:06:06;10:05;231492;2220000;10:05;304440;2608164;9:51;231492;2694943
EA;13/10/2017 14:06:09;10:06;198545;2220000;10:06;282162;2348082;9:51;198645;2110259
EBAY;13/10/2017 14:06:13;10:06;671418;7380000;10:06;944351;8058592;9:51;671618;7211185
ENDP;13/10/2017 14:06:17;NA;0;12708;10:06;1137945;6055033;9:51;805459;6628954
ESRX;13/10/2017 14:06:20;10:06;288482;3640000;10:06;389076;3208770;9:51;288482;3259451
EXPE;13/10/2017 14:06:24;10:06;136680;1790000;10:06;232588;1882746;9:51;137014;1943923
FAST;13/10/2017 14:06:28;10:06;205728;2680000;10:06;310537;2962253;9:51;208950;2600095
FB;13/10/2017 14:06:32;10:06;2400000;14370000;10:06;3314466;15857487;9:51;2402892;13501586
FISV;13/10/2017 14:06:37;10:06;40853;815248;10:06;58744;768056;9:51;40853;764898
FOX;13/10/2017 14:06:40;NA;NA;NA;10:06;286552;2542049;9:51;229077;2645921
FOXA;13/10/2017 14:06:46;10:06;442213;7580000;10:06;617747;7605123;9:51;443013;6961373
GILD;13/10/2017 14:06:50;10:06;834019;9620000;10:06;1315444;9321046;9:51;834019;9590980
GOOG;13/10/2017 14:06:54;10:06;126977;1330000;10:06;189922;1424526;9:51;126365;1265638
GOOGL;13/10/2017 14:06:57;10:06;174903;1470000;10:06;254458;1618635;9:51;175308;1438218
HSIC;13/10/2017 14:07:01;10:06;39278;1480000;10:06;55901;1223187;9:51;39278;1396653
ILMN;13/10/2017 14:07:06;10:06;39797;737568;10:06;57216;881261;9:52;39797;769989
INCY;13/10/2017 14:07:09;10:06;79386;1940000;10:06;107331;1475876;9:52;79386;1569756
INTC;13/10/2017 14:07:13;10:07;1220000;22750000;10:07;1883375;22190283;9:52;1216087;21823121
INTU;13/10/2017 14:07:17;10:07;128312;1370000;10:07;170245;1295035;9:52;131155;1349187
ISRG;13/10/2017 14:07:22;10:06;82835;754889;10:06;116042;919923;9:52;82854;806244
JD;13/10/2017 14:07:25;10:07;1830000;13600000;10:07;2377151;13072915;9:52;1832894;14337108
KHC;13/10/2017 14:07:29;10:07;344421;3390000;10:07;481060;3087506;9:52;344821;3239725
LBTYA;13/10/2017 14:07:33;10:07;79790;2330000;10:07;128181;2090332;9:52;79790;2175119
LBTYK;13/10/2017 14:07:52;10:07;192302;3260000;10:07;266639;2821703;9:52;192302;NA
LLTC;13/10/2017 14:07:57;NA;NA;NA;NA;NA;NA;NA;NA;NA
LMCA;13/10/2017 14:08:04;16:00;0;357056;NA;NA;NA;NA;NA;NA
LMCK;13/10/2017 14:08:07;NA;NA;NA;NA;NA;NA;NA;NA;NA
LRCX;13/10/2017 14:08:11;10:08;170145;1910000;10:08;254468;2138914;9:53;170322;2001784
LVNTA;13/10/2017 14:08:19;10:07;76421;563945;10:07;103057;583367;9:53;76421;533622
MAR;13/10/2017 14:08:26;10:07;116135;2230000;10:07;246162;2131140;9:53;118565;2297950
MAT;13/10/2017 14:08:30;10:08;358764;8170000;10:08;644555;7548581;9:53;360384;7221806
MDLZ;13/10/2017 14:08:34;10:08;444753;9240000;10:08;658853;8341547;9:53;446253;8975180
MELI;13/10/2017 14:08:38;10:08;132302;711596;10:08;216032;811793;9:53;132302;850000
MNST;13/10/2017 14:08:43;NA;NA;NA;10:08;143332;1856035;9:53;121694;1918229
MSFT;13/10/2017 14:08:47;10:08;2430000;17930000;10:08;3103704;19967098;9:53;2430375;17683799
MU;13/10/2017 14:08:51;10:08;6540000;37320000;10:08;9592803;30727860;9:53;6541054;31665064
MXIM;13/10/2017 14:08:55;10:08;72233;1770000;10:08;109654;2026895;9:53;72427;1858234
MYL;13/10/2017 14:08:59;NA;NA;NA;10:08;1198346;7136870;9:53;996482;8134935
NCLH;13/10/2017 14:09:02;10:08;299539;3210000;10:08;412272;2476684;9:54;299576;2905333
NFLX;13/10/2017 14:09:06;10:08;2980000;6700000;10:08;3805166;7345480;9:54;2975899;6396312
NTAP;13/10/2017 14:09:10;10:09;132303;2900000;10:09;190681;3162407;9:54;132503;2970536
NTES;13/10/2017 14:09:13;10:08;114055;1330000;10:08;159732;1307072;9:54;114365;1422586
NVDA;13/10/2017 14:09:21;10:09;2640000;16450000;10:09;3296853;16744613;9:54;2648626;16477390
NXPI;13/10/2017 14:09:27;10:09;169910;1560000;10:09;211209;1679160;9:54;171210;1521657
ORLY;13/10/2017 14:09:31;10:08;42133;1050000;10:08;93179;1375143;9:54;43188;1184424
PAYX;13/10/2017 14:09:35;10:09;152251;2190000;10:09;209828;2208896;9:54;152251;2115045
PCAR;13/10/2017 14:09:39;10:09;117048;1690000;10:09;425038;1636629;9:54;119723;1600684
PCLN;13/10/2017 14:09:42;10:08;25032;363531;10:08;49624;427736;9:54;25028;447798
PYPL;13/10/2017 14:09:46;10:09;1370000;6970000;10:09;2121345;7331030;9:54;1376744;6496193
QCOM;13/10/2017 14:09:49;10:09;700896;7700000;10:09;920672;8289407;9:54;701337;7421343
QVCA;13/10/2017 14:09:53;10:09;205706;3860000;10:09;309739;3727478;9:54;206561;3982285
REGN;13/10/2017 14:09:57;10:09;42450;837981;10:09;69102;742804;9:54;42451;746443
ROST;13/10/2017 14:10:02;10:09;254271;2790000;10:09;353271;3492727;9:55;255830;3378322
SBAC;13/10/2017 14:10:05;10:09;69164;2030000;10:09;88920;1483024;9:55;70364;1663768
SBUX;13/10/2017 14:10:11;10:10;801038;8580000;10:10;1052043;10153284;9:55;811718;9046864
SIRI;13/10/2017 14:10:15;NA;181350000;121630000;10:10;1384154;17494256;9:55;743051;16016709
SRCL;13/10/2017 14:10:19;10:07;34070;647076;10:07;38693;745846;9:55;34070;797724
STX;13/10/2017 14:10:26;10:10;680870;4850000;10:10;890284;5475684;9:55;684499;4651885
SWKS;13/10/2017 14:10:30;10:09;72507;1500000;10:09;114662;1606075;9:55;72507;1450730
SYMC;13/10/2017 14:10:34;10:10;234374;6050000;10:10;371415;6716566;9:55;234411;6754520
TMUS;13/10/2017 14:10:38;10:10;160253;3870000;10:10;231023;3604952;9:55;160253;3243671
TRIP;13/10/2017 14:10:42;10:10;113647;2560000;10:10;240594;2984590;9:55;113822;3170821
TSCO;13/10/2017 14:10:46;10:10;229566;1820000;10:10;342592;2228335;9:55;229576;2002796
TSLA;13/10/2017 14:10:50;10:10;717078;5690000;10:10;874690;6039986;9:55;717999;5644646
TXN;13/10/2017 14:10:54;10:10;323500;3970000;10:10;425138;4014656;9:55;323400;3884676
ULTA;13/10/2017 14:10:58;10:10;586691;1250000;10:10;850766;1360760;9:55;589245;1402534
VIAB;13/10/2017 14:11:01;10:10;1520000;5360000;10:10;2036082;5357960;9:55;1523589;5508810
VOD;13/10/2017 14:11:05;10:10;631849;2660000;10:10;728591;2603050;9:56;632799;2667783
VRTX;13/10/2017 14:11:24;10:11;145445;1540000;10:11;194417;1835249;9:56;145345;1360234
WBA;13/10/2017 14:11:28;10:11;574783;6970000;10:11;824242;5806023;9:56;579868;5914845
WDC;13/10/2017 14:11:35;10:11;618568;4270000;10:11;774105;4139024;9:56;618707;4193277
WFM;13/10/2017 14:11:38;NA;0;6390000;NA;NA;NA;NA;NA;NA
XLNX;13/10/2017 14:11:42;10:11;185962;2160000;10:11;270639;2378466;9:56;189202;2195203
AABA;13/10/2017 17:35:45;13:33;1900000;6730000;13:18;1904600;6475243;13:33;1990363;6391570
AAL;13/10/2017 17:35:49;NA;4680000;4630000;13:18;1671080;5946487;13:33;1730598;5834535
AAPL;13/10/2017 17:35:52;13:33;10410000;28860000;13:18;10414949;27913972;13:33;10629163;27339878
ADBE;13/10/2017 17:35:56;13:33;992004;2610000;13:18;992004;2143784;13:33;1039239;2059329
ADI;13/10/2017 17:35:59;13:32;10000000;2400000;13:18;1001061;2308313;13:32;1029676;2257926
ADP;13/10/2017 17:36:03;13:33;443013;2630000;13:18;443013;4103369;13:33;466614;4590166
ADSK;13/10/2017 17:36:07;13:33;544503;1820000;13:18;544503;1889001;13:33;563438;1796521
AKAM;13/10/2017 17:36:13;13:33;427820;1620000;13:19;427920;1592842;13:34;483244;1911213
ALXN;13/10/2017 17:36:16;13:33;362984;1560000;13:19;362989;1462372;13:33;388979;1553300
AMAT;13/10/2017 17:36:20;13:34;5760000;10820000;13:19;5758438;10340496;13:34;5927915;10181586
AMGN;13/10/2017 17:36:26;13:33;1120000;2670000;13:19;1123780;2368641;13:33;1169718;2500587
AMZN;13/10/2017 17:36:29;13:34;1340000;2990000;13:19;1337439;3105335;13:34;1375879;3382040
ATVI;13/10/2017 17:36:32;13:34;3630000;6060000;13:19;3604904;5999521;13:34;3766223;5808538
AVGO;13/10/2017 17:36:36;13:34;727078;2520000;13:19;727097;2567212;13:34;754431;2444020
BATRA;13/10/2017 17:36:40;13:33;10413;50638;13:19;10413;47254;13:33;10999;59870
BATRK;13/10/2017 17:36:43;13:34;52590;132001;13:19;52590;134134;13:34;57910;169406
BBBY;13/10/2017 17:36:47;13:34;1340000;4940000;13:19;1338552;3912597;13:34;1395847;4278696
BIDU;13/10/2017 17:36:50;13:34;1380000;2520000;13:19;1377008;2613754;13:34;1402973;2916521
BIIB;13/10/2017 17:36:54;13:34;645850;1300000;13:19;645850;1199324;13:34;701548;1261390
BMRN;13/10/2017 17:36:59;13:34;391298;1320000;13:19;391298;1316057;13:34;398974;1316367
CA;13/10/2017 17:37:03;13:34;432055;1490000;13:19;432255;1940262;13:34;445916;2354332
CELG;13/10/2017 17:37:06;13:34;3020000;4020000;13:19;3021996;3608971;13:34;3176385;3626889
CERN;13/10/2017 17:37:09;13:34;1150000;2230000;13:20;1145827;1956378;13:34;1176668;1859973
CHKP;13/10/2017 17:37:17;13:34;424998;683396;13:20;424999;693105;13:34;439412;845364
CHTR;13/10/2017 17:37:21;ParkSANTRY;NA;NA;13:20;1389853;1790354;13:34;1466836;1798495
CMCSA;13/10/2017 17:37:24;13:35;28620000;26340000;13:20;28626373;21486703;13:35;29600592;20905710
COST;13/10/2017 17:37:27;13:35;1840000;3480000;13:20;1840004;3366492;13:35;1916803;3553501
CSCO;13/10/2017 17:37:31;13:35;5870000;19170000;13:20;5870132;20494625;13:35;6149096;19616303
CSX;13/10/2017 17:37:34;13:35;1960000;5450000;13:20;1964925;5744376;13:35;2052307;6991933
CTRP;13/10/2017 17:37:37;13:35;966126;4250000;13:20;966126;4634391;13:35;1011221;4229803
CTSH;13/10/2017 17:37:41;13:35;682872;2650000;13:20;682872;2830606;13:35;730273;2990813
CTXS;13/10/2017 17:37:44;13:35;465125;1490000;13:20;465125;1502398;13:35;618410;1419447
DISCA;13/10/2017 17:37:47;13:35;3200000;3660000;13:20;3203624;3701809;13:35;3450208;4419536
DISCK;13/10/2017 17:37:51;13:35;1810000;2670000;13:20;1814376;2651250;13:35;1865580;2814826
DISH;13/10/2017 17:37:54;13:35;3210000;2180000;13:20;3205363;2017422;13:35;3677435;1995969
DLTR;13/10/2017 17:37:57;13:35;955857;2220000;13:20;955857;2694943;13:35;986489;2608164
EA;13/10/2017 17:38:01;13:35;900975;2220000;13:20;901412;2110259;13:35;943551;2334095
EBAY;13/10/2017 17:38:16;NA;NA;NA;13:21;4480073;7211185;13:35;4633858;8058592
ENDP;13/10/2017 17:38:19;NA;0;12708;13:21;2922706;6628954;13:36;3032058;6055033
ESRX;13/10/2017 17:38:22;13:36;1550000;3640000;13:21;1550442;3259451;13:36;1626002;3206644
EXPE;13/10/2017 17:38:26;13:36;945916;1790000;13:21;945916;1943923;13:36;995781;1882746
FAST;13/10/2017 17:38:29;13:36;1440000;2680000;13:21;1444459;2600095;13:36;1547653;2962253
FB;13/10/2017 17:38:33;13:36;8490000;14370000;13:21;8499682;13501586;13:36;8712353;15857487
FISV;13/10/2017 17:38:36;13:36;359368;815248;13:21;359374;764898;13:36;369555;768056
FOX;13/10/2017 17:38:40;is;NA;NA;13:21;3084892;2645921;13:36;3157580;2542049
FOXA;13/10/2017 17:38:45;13:36;4560000;7580000;13:21;4560870;6961373;13:36;4677953;7605123
GILD;13/10/2017 17:38:49;13:36;3430000;9620000;13:21;3427851;9590980;13:36;3516737;9321046
GOOG;13/10/2017 17:38:52;13:35;624562;1330000;13:21;624689;1265638;13:35;637931;1424526
GOOGL;13/10/2017 17:38:57;13:36;759194;1470000;13:21;759194;1438218;13:36;777101;1618635
HSIC;13/10/2017 17:39:00;13:36;331117;1480000;13:21;331186;1396653;13:36;337063;1223187
ILMN;13/10/2017 17:39:04;13:36;226587;737568;13:21;226587;769989;13:36;229365;881261
INCY;13/10/2017 17:39:08;13:36;542764;1940000;13:21;542764;1569756;13:36;580955;1475876
INTC;13/10/2017 17:39:13;13:36;7060000;22750000;13:22;7060994;21823121;13:37;7206924;22190283
INTU;13/10/2017 17:39:16;13:36;468231;1370000;13:22;468459;1349187;13:36;487686;1291556
ISRG;13/10/2017 17:39:20;13:36;364675;754889;13:22;364675;806244;13:36;377792;919923
JD;13/10/2017 17:39:25;13:37;9160000;13600000;13:22;9159983;14337108;13:37;9612869;13075984
KHC;13/10/2017 17:39:28;13:37;1770000;3390000;13:22;1771349;3239725;13:37;1899690;3087506
LBTYA;13/10/2017 17:39:32;13:36;480878;2330000;13:22;481078;2175119;13:36;507538;2090332
LBTYK;13/10/2017 17:39:35;13:36;1490000;3260000;13:22;1489165;NA;13:36;1543834;2821703
LLTC;13/10/2017 17:39:41;NA;NA;NA;NA;NA;NA;NA;NA;NA
LMCA;13/10/2017 17:39:47;16:00;0;357056;NA;NA;NA;NA;NA;NA
LMCK;13/10/2017 17:39:50;NA;NA;NA;NA;NA;NA;NA;NA;NA
LRCX;13/10/2017 17:39:53;13:37;884847;1910000;13:22;887329;2001784;13:37;918211;2138914
LVNTA;13/10/2017 17:39:56;13:33;386843;563945;13:22;386843;533622;13:33;398835;583367
MAR;13/10/2017 17:40:04;13:37;917112;2230000;13:22;917112;2297950;13:37;963582;2131140
MAT;13/10/2017 17:40:08;13:37;3510000;8170000;13:22;3515747;7221806;13:37;3584330;7548581
MDLZ;13/10/2017 17:40:13;13:37;1950000;9240000;13:23;1951282;8975180;13:37;2012397;8341547
MELI;13/10/2017 17:40:16;13:38;944199;711596;13:23;944199;850000;13:38;980882;811793
MNST;13/10/2017 17:40:22;NA;NA;NA;13:23;391992;1918229;13:37;500504;1856035
MSFT;13/10/2017 17:40:25;13:37;7190000;17930000;13:23;7190405;17683799;13:37;7391083;19967098
MU;13/10/2017 17:40:28;13:38;23230000;37320000;13:23;23226076;31665064;13:38;23775715;30723946
MXIM;13/10/2017 17:40:32;13:37;475855;1770000;13:23;475955;1858234;13:37;489677;2026895
MYL;13/10/2017 17:40:35;is;NA;NA;13:23;3039329;8134935;13:37;3120595;7136870
NCLH;13/10/2017 17:40:39;13:38;2140000;3210000;13:23;2137936;2905333;13:38;2296513;2476684
NFLX;13/10/2017 17:40:42;13:38;8850000;6700000;13:23;8849227;6396312;13:38;9010235;7345480
NTAP;13/10/2017 17:40:46;13:38;784868;2900000;13:23;784868;2970536;13:38;817405;3162407
NTES;13/10/2017 17:40:50;13:38;529435;1330000;13:23;529435;1422586;13:38;551308;1307072
NVDA;13/10/2017 17:40:54;13:38;10700000;16450000;13:23;10702029;16477390;13:38;10985330;16744613
NXPI;13/10/2017 17:40:59;13:38;652262;1560000;13:23;652262;1521657;13:38;683872;1679160
ORLY;13/10/2017 17:41:02;13:38;503654;1050000;13:23;504450;1184424;13:38;517835;1375143
PAYX;13/10/2017 17:41:07;13:38;980948;2190000;13:23;982963;2115045;13:38;1006475;2208896
PCAR;13/10/2017 17:41:12;13:38;1360000;1690000;13:24;1357417;1600684;13:38;1389683;1636629
PCLN;13/10/2017 17:41:16;13:36;186255;363531;13:24;186255;447798;13:36;195586;427736
PYPL;13/10/2017 17:41:19;13:38;5490000;6970000;13:24;5496150;6496193;13:38;5665297;7331030
QCOM;13/10/2017 17:41:22;13:39;3130000;7700000;13:24;3125229;7421343;13:39;3255983;8290338
QVCA;13/10/2017 17:41:27;13:39;1130000;3860000;13:24;1126466;3982285;13:39;1174161;3727478
REGN;13/10/2017 17:41:31;13:39;326379;837981;13:24;327917;746443;13:39;360485;742804
ROST;13/10/2017 17:41:35;13:39;1180000;2790000;13:24;1184448;3378322;13:39;1240226;3492727
SBAC;13/10/2017 17:41:38;13:39;455364;2030000;13:24;455364;1663768;13:39;465586;1483024
SBUX;13/10/2017 17:41:41;13:39;3030000;8580000;13:24;3027229;9046864;13:39;3236939;10153284
SIRI;13/10/2017 17:41:45;NA;181350000;121630000;13:24;4425459;16016709;13:39;4474815;17494256
SRCL;13/10/2017 17:41:49;13:39;209812;647076;13:24;209834;797724;13:39;216632;745846
STX;13/10/2017 17:41:56;13:39;2090000;4850000;13:24;2085709;4651885;13:39;2112757;5475684
SWKS;13/10/2017 17:42:00;13:38;685193;1500000;13:24;685293;1450730;13:38;702517;1606075
SYMC;13/10/2017 17:42:04;13:39;1460000;6050000;13:24;1461715;6754520;13:39;1582601;6716566
TMUS;13/10/2017 17:42:08;13:39;1450000;3870000;13:24;1450749;3243671;13:39;1621950;3604952
TRIP;13/10/2017 17:42:13;13:39;1040000;2560000;13:25;1044038;3170821;13:39;1076964;2984590
TSCO;13/10/2017 17:42:21;13:39;1340000;1820000;13:25;1344662;2002796;13:39;1392465;2228335
TSLA;13/10/2017 17:42:27;13:39;2470000;5690000;13:25;2472154;5644646;13:39;2510764;6039986
TXN;13/10/2017 17:42:31;13:40;1450000;3970000;13:25;1448696;3884676;13:40;1477510;4014656
ULTA;13/10/2017 17:42:35;13:40;2290000;1250000;13:25;2288637;1402534;13:40;2334332;1360760
VIAB;13/10/2017 17:42:47;13:40;5870000;5360000;13:25;5872706;5508810;13:40;6200922;5357960
VOD;13/10/2017 17:42:51;13:40;1770000;2660000;13:25;1767212;2667783;13:40;1797357;2603050
VRTX;13/10/2017 17:42:56;13:40;467925;1540000;13:25;467940;1360234;13:40;558290;1835249
WBA;13/10/2017 17:42:59;13:40;3300000;6970000;13:25;3296830;5914845;13:40;3456701;5806023
WDC;13/10/2017 17:43:06;13:40;2060000;4270000;13:25;2064784;4193277;13:40;2114568;4139024
WFM;13/10/2017 17:43:09;NA;0;6390000;NA;NA;NA;NA;NA;NA
XLNX;13/10/2017 17:43:13;13:40;824315;2160000;13:26;824315;2195203;13:40;872398;2378466
AABA;13/10/2017 17:54:38;13:52;2030000;6730000;13:37;2031213;6475243;13:52;2168085;6391570
AAL;13/10/2017 17:54:42;NA;4680000;4630000;13:37;1744326;5946487;13:52;1822279;5834535
AAPL;13/10/2017 17:54:46;13:52;10700000;28860000;13:37;10697495;27913972;13:52;10989788;27339878
ADBE;13/10/2017 17:54:50;13:52;1050000;2610000;13:37;1050139;2143784;13:52;1087086;2059329
ADI;13/10/2017 17:54:54;13:52;1040000;2400000;13:37;1036648;2308313;13:52;1063681;2257926
ADP;13/10/2017 17:54:58;13:51;469974;2630000;13:37;470087;4103369;13:51;494360;4590166
ADSK;13/10/2017 17:55:01;13:52;567989;1820000;13:37;567889;1889001;13:52;598016;1796521
AKAM;13/10/2017 17:55:05;13:52;487340;1620000;13:37;487342;1592842;13:52;503254;1911213
ALXN;13/10/2017 17:55:09;13:51;389226;1560000;13:38;389326;1462372;13:53;405219;1553300
AMAT;13/10/2017 17:55:12;13:52;5990000;10820000;13:38;5987466;10340496;13:52;6256901;10181586
AMGN;13/10/2017 17:57:32;13:52;1180000;2670000;13:38;1177999;2368641;13:55;1220443;2500198
AMZN;13/10/2017 17:57:38;13:55;1390000;2990000;13:40;1390555;3105335;13:55;1426961;3382040
ATVI;13/10/2017 17:57:41;13:55;3810000;6060000;13:40;3807131;5999521;13:55;3926986;5808538
AVGO;13/10/2017 17:57:44;13:55;766767;2520000;13:40;766767;2567212;13:55;796679;2443520
BATRA;13/10/2017 17:57:48;13:33;11023;50638;13:40;11023;47254;13:33;10999;59870
BATRK;13/10/2017 17:57:52;13:55;59943;132001;13:40;62043;134134;13:55;65349;169406
BBBY;13/10/2017 17:57:55;13:55;1410000;4940000;13:40;1412932;3912597;13:55;1463167;4278696
BIDU;13/10/2017 17:58:00;13:55;1410000;2520000;13:40;1414114;2613754;13:55;1443859;2916521
BIIB;13/10/2017 17:58:04;13:54;726753;1300000;13:40;726420;1199324;13:54;773718;1261390
BMRN;13/10/2017 17:58:09;13:55;401639;1320000;13:41;401739;1316057;13:55;412234;1316367
CA;13/10/2017 17:58:13;13:55;457180;1490000;13:41;457280;1940262;13:55;472233;2354332
CELG;13/10/2017 17:58:16;13:56;3200000;4020000;13:41;3203525;3608971;13:56;3320769;3626889
CERN;13/10/2017 17:58:22;13:55;1180000;2230000;13:41;1180496;1956378;13:55;1213310;1859973
CHKP;13/10/2017 17:58:28;13:54;444852;683396;13:41;444852;693105;13:54;454165;845364
CHTR;13/10/2017 17:58:35;ParkSANTRY;NA;NA;13:41;1488263;1790354;13:56;1539063;1798495
CMCSA;13/10/2017 17:58:39;13:56;29830000;26340000;13:41;29838471;21486703;13:56;31175376;20905710
COST;13/10/2017 17:58:42;13:56;1970000;3480000;13:41;1972134;3366492;13:56;2079458;3553501
CSCO;13/10/2017 17:58:46;13:56;6240000;19170000;13:41;6238465;20494625;13:56;6428971;19616303
CSX;13/10/2017 17:58:50;13:56;2090000;5450000;13:41;2092928;5744376;13:56;2201786;6991933
CTRP;13/10/2017 17:58:54;13:56;1040000;4250000;13:41;1038172;4634391;13:56;1080708;4229803
CTSH;13/10/2017 17:58:58;13:56;744687;2650000;13:41;744687;2830606;13:56;779532;2990813
CTXS;13/10/2017 17:59:01;13:56;625714;1490000;13:41;625714;1502398;13:56;644021;1419447
DISCA;13/10/2017 17:59:05;13:56;3510000;3660000;13:41;3519233;3701809;13:56;3584138;4419536
DISCK;13/10/2017 17:59:08;13:56;1880000;2670000;13:41;1879860;2651250;13:56;1931027;2814826
DISH;13/10/2017 17:59:14;13:56;3700000;2180000;13:42;3704275;2017422;13:57;3949188;1995969
DLTR;13/10/2017 17:59:18;13:57;1010000;2220000;13:42;1012726;2694943;13:57;1053412;2608164
EA;13/10/2017 17:59:22;13:57;960834;2220000;13:42;961023;2110259;13:57;1012494;2334095
EBAY;13/10/2017 17:59:25;13:57;4700000;7380000;13:42;4699280;7211185;13:57;4878476;8058592
ENDP;13/10/2017 17:59:29;NA;0;12708;13:42;3066803;6628954;13:56;3118787;6055033
ESRX;13/10/2017 17:59:33;13:57;1650000;3640000;13:42;1649593;3259451;13:57;1748692;3206644
EXPE;13/10/2017 17:59:36;13:55;1010000;1790000;13:42;1007880;1943923;13:55;1047629;1882746
FAST;13/10/2017 17:59:41;13:57;1580000;2680000;13:42;1580761;2600095;13:57;1625255;2962253
FB;13/10/2017 17:59:45;13:57;8810000;14370000;13:42;8813945;13501586;13:57;9074201;15857487
FISV;13/10/2017 17:59:51;13:57;387320;815248;13:42;387720;764898;13:57;402990;768056
FOX;13/10/2017 17:59:54;is;NA;NA;13:42;3179195;2645921;13:57;3279405;2542049
FOXA;13/10/2017 17:59:59;13:57;4730000;7580000;13:42;4727675;6961373;13:57;5071468;7605123
GILD;13/10/2017 18:00:03;13:57;3570000;9620000;13:42;3570489;9590980;13:57;3708645;9321046
GOOG;13/10/2017 18:00:07;13:57;644092;1330000;13:42;644408;1265638;13:57;659010;1424526
GOOGL;13/10/2017 18:00:13;13:56;788889;1470000;13:43;788906;1438218;13:58;809873;1618635
HSIC;13/10/2017 18:00:18;13:58;344581;1480000;13:43;344581;1396653;13:58;361810;1223187
ILMN;13/10/2017 18:00:22;13:57;233313;737568;13:43;233313;769989;13:57;237240;881261
INCY;13/10/2017 18:00:25;13:58;613509;1940000;13:43;613540;1569756;13:58;630132;1475876
INTC;13/10/2017 18:00:28;13:58;7390000;22750000;13:43;7390186;21823121;13:58;7689321;22190283
INTU;13/10/2017 18:00:31;13:58;497251;1370000;13:43;497451;1349187;13:58;516177;1295035
ISRG;13/10/2017 18:00:37;13:58;382038;754889;13:43;382560;806244;13:58;395772;919923
JD;13/10/2017 18:00:43;13:58;9670000;13600000;13:43;9668624;14337108;13:58;9883146;13075984
KHC;13/10/2017 18:00:47;13:58;1930000;3390000;13:43;1931648;3239725;13:58;2053541;3087506
LBTYA;13/10/2017 18:00:50;13:57;515814;2330000;13:43;516513;2175119;13:57;536921;2090332
LBTYK;13/10/2017 18:00:53;13:57;1570000;3260000;13:43;1567868;NA;13:57;1631365;2821703
LLTC;13/10/2017 18:00:59;NA;NA;NA;NA;NA;NA;NA;NA;NA
LMCA;13/10/2017 18:01:03;16:00;0;357056;NA;NA;NA;NA;NA;NA
LMCK;13/10/2017 18:01:06;NA;NA;NA;NA;NA;NA;NA;NA;NA
LRCX;13/10/2017 18:01:11;13:58;929279;1910000;13:44;929279;2001784;13:58;956212;2130458
LVNTA;13/10/2017 18:01:14;13:57;407692;563945;13:44;407692;533622;13:57;415264;583367
MAR;13/10/2017 18:01:19;13:59;976731;2230000;13:44;977136;2297950;13:59;1009029;2131140
MAT;13/10/2017 18:01:23;13:59;3660000;8170000;13:44;3671160;7221806;13:59;3923959;7548581
MDLZ;13/10/2017 18:01:27;13:59;2050000;9240000;13:44;2052078;8975180;13:59;2161712;8341547
MELI;13/10/2017 18:01:30;13:59;994008;711596;13:44;994008;850000;13:59;1019301;811793
MNST;13/10/2017 18:01:34;NA;NA;NA;13:44;505851;1918229;13:59;522648;1856035
MSFT;13/10/2017 18:01:36;13:59;7550000;17930000;13:44;7546139;17683799;13:59;7864832;19967098
MU;13/10/2017 18:01:39;13:59;23950000;37320000;13:44;23957920;31665064;13:59;24626589;30723946
MXIM;13/10/2017 18:01:42;13:59;495838;1770000;13:44;495838;1858234;13:59;524961;2026895
MYL;13/10/2017 18:01:46;is;NA;NA;13:44;3145274;8134935;13:59;3214902;7136870
NCLH;13/10/2017 18:01:50;13:59;2370000;3210000;13:44;2367778;2905333;13:59;2488673;2476684
NFLX;13/10/2017 18:01:52;13:59;9070000;6700000;13:44;9075316;6396312;13:59;9265548;7345480
NTAP;13/10/2017 18:01:55;13:59;826544;2900000;13:44;827669;2970536;NA;NA;NA
NTES;13/10/2017 18:01:58;13:59;558727;1330000;13:44;558727;1422586;13:59;589258;1307072
NVDA;13/10/2017 18:02:03;13:59;11130000;16450000;13:44;11125842;16477390;13:59;11531592;16744613
NXPI;13/10/2017 18:02:08;13:59;693224;1560000;13:45;693324;1521657;13:59;747727;1679160
ORLY;13/10/2017 18:02:12;13:59;532907;1050000;13:45;533107;1184424;13:59;550998;1375143
PAYX;13/10/2017 18:02:16;14:00;1030000;2190000;13:45;1027974;2115045;14:00;1060173;2208896
PCAR;13/10/2017 18:02:22;13:59;1410000;1690000;13:45;1409936;1600684;13:59;1436079;1636629
PCLN;13/10/2017 18:02:25;13:59;197611;363531;13:45;197611;447798;13:59;207433;427736
PYPL;13/10/2017 18:02:28;14:00;5700000;6970000;13:45;5702128;6496193;14:00;5861535;7331030
QCOM;13/10/2017 18:02:30;14:00;3360000;7700000;13:45;3358184;7421343;14:00;3450669;8290338
QVCA;13/10/2017 18:02:34;14:00;1210000;3860000;13:45;1209234;3982285;14:00;1267404;3727478
REGN;13/10/2017 18:02:37;13:59;373393;837981;13:45;373393;746443;13:59;384869;742804
ROST;13/10/2017 18:02:41;14:00;1260000;2790000;13:45;1257459;3378322;14:00;1361915;3492727
SBAC;13/10/2017 18:02:44;13:59;473486;2030000;13:45;473486;1663768;13:59;486655;1483024
SBUX;13/10/2017 18:02:47;14:00;3300000;8580000;13:45;3299500;9046864;14:00;3392544;10153284
SIRI;13/10/2017 18:02:59;NA;181350000;121630000;13:45;4537217;16016709;14:00;4681575;17494480
SRCL;13/10/2017 18:03:02;14:00;220780;647076;13:45;220780;797724;14:00;246967;745846
STX;13/10/2017 18:03:07;14:00;2140000;4850000;13:45;2148934;4651885;14:00;2238742;5475684
SWKS;13/10/2017 18:03:13;14:00;717544;1500000;13:46;718078;1450730;14:00;751930;1606075
SYMC;13/10/2017 18:03:16;14:01;1600000;6050000;13:46;1601992;6754520;14:01;1667262;6716566
TMUS;13/10/2017 18:03:20;14:01;1640000;3870000;13:46;1640645;3243671;14:01;1668402;3604952
TRIP;13/10/2017 18:03:24;14:00;1090000;2560000;13:46;1089268;3170821;14:00;1193215;2984590
TSCO;13/10/2017 18:03:27;14:01;1420000;1820000;13:46;1417972;2002796;14:01;1458914;2228335
TSLA;13/10/2017 18:03:30;14:01;2520000;5690000;13:46;2523277;5644646;14:01;2608107;6039986
TXN;13/10/2017 18:03:33;14:01;1490000;3970000;13:46;1488615;3884676;14:01;1547834;4014656
ULTA;13/10/2017 18:03:36;14:01;2360000;1250000;13:46;2355612;1402534;14:01;2445102;1360760
VIAB;13/10/2017 18:03:38;14:01;6260000;5360000;13:46;6260279;5508810;14:01;6441000;5357960
VOD;13/10/2017 18:03:41;14:01;1810000;2660000;13:46;1805480;2667783;14:01;1893395;2603050
VRTX;13/10/2017 18:03:44;14:00;562395;1540000;13:46;562395;1360234;14:00;573956;1835249
WBA;13/10/2017 18:03:47;14:01;3500000;6970000;13:46;3501158;5914845;14:01;3777843;5806023
WDC;13/10/2017 18:03:52;14:01;2130000;4270000;13:46;2129014;4193277;14:01;2201426;4139024
WFM;13/10/2017 18:03:55;NA;0;6390000;NA;NA;NA;NA;NA;NA
XLNX;13/10/2017 18:03:57;14:01;891237;2160000;13:46;891881;2195203;14:01;949078;2378466
AABA;13/10/2017 20:36:04;NA;3370000;6730000;;3369398;6475243;NA;3292070;6391570
AAL;13/10/2017 20:36:07;NA;4680000;4630000;;2948338;5946487;NA;2735110;5834535
AAPL;13/10/2017 20:36:12;NA;16310000;28860000;;16293581;27913972;NA;15116184;27339878
ADBE;13/10/2017 20:36:16;NA;2510000;2610000;;2501182;2143784;NA;1964604;2059329
ADI;13/10/2017 20:36:19;NA;2220000;2400000;;2207709;2308313;NA;1953323;2257926
ADP;13/10/2017 20:36:23;NA;1240000;2630000;;1233789;4103369;NA;876973;4590166
ADSK;13/10/2017 20:36:26;NA;1250000;1820000;;1251942;1889001;NA;1157109;1796521
AKAM;13/10/2017 20:36:32;NA;1510000;1620000;;1508309;1592842;NA;850103;1911213
ALXN;13/10/2017 20:36:35;NA;707402;1560000;;704834;1462372;NA;633775;1553300
AMAT;13/10/2017 20:36:38;NA;10180000;10820000;;10170901;10340496;NA;8995302;10181586
AMGN;13/10/2017 20:36:42;NA;2330000;2670000;;2327624;2368641;NA;1839995;2500587
AMZN;13/10/2017 20:36:47;NA;NA;NA;;2395686;3105335;NA;2283554;3382040
ATVI;13/10/2017 20:36:50;NA;7130000;6060000;;7103903;5999521;NA;6370461;5808538
AVGO;13/10/2017 20:36:54;NA;1530000;2520000;;1520905;2567212;NA;1404379;2443520
BATRA;13/10/2017 20:36:57;NA;28446;50638;;28446;47254;NA;27127;59870
BATRK;13/10/2017 20:37:01;NA;131220;132001;;131208;134134;NA;120666;169406
BBBY;13/10/2017 20:37:04;NA;2590000;4940000;;2583022;3912597;NA;2426772;4278696
BIDU;13/10/2017 20:37:08;NA;2110000;2520000;;2108658;2613754;NA;2019306;2916521
BIIB;13/10/2017 20:37:13;NA;1350000;1300000;;1344322;1199324;NA;1241955;1261390
BMRN;13/10/2017 20:37:17;NA;657150;1320000;;654711;1316057;NA;607116;1316367
CA;13/10/2017 20:37:25;NA;1140000;1490000;;1130596;1940262;NA;964421;2354332
CELG;13/10/2017 20:37:28;NA;5130000;4020000;;5126818;3608971;NA;4818064;3626889
CERN;13/10/2017 20:37:31;NA;2170000;2230000;;2163331;1956378;NA;1849246;1859973
CHKP;13/10/2017 20:37:36;NA;745162;683396;;744441;693105;NA;698586;845364
CHTR;13/10/2017 20:37:42;ParkSANTRY;NA;NA;;2688881;1790354;NA;2312701;1798495
CMCSA;13/10/2017 20:37:46;NA;43360000;26340000;;43339860;21486703;NA;43175326;20905710
COST;13/10/2017 20:37:49;NA;3630000;3480000;;3619604;3366492;NA;3287704;3553501
CSCO;13/10/2017 20:37:52;NA;13450000;19170000;;13428510;20494625;NA;10686762;19616303
CSX;13/10/2017 20:37:55;NA;3890000;5450000;;3872189;5744376;NA;3485196;6991933
CTRP;13/10/2017 20:37:58;NA;1790000;4250000;;1786119;4634391;NA;1631214;4229803
CTSH;13/10/2017 20:38:02;NA;1410000;2650000;;1407050;2830606;NA;1210620;2990813
CTXS;13/10/2017 20:38:08;NA;1120000;1490000;;1118665;1502398;NA;983269;1419447
DISCA;13/10/2017 20:38:11;NA;5120000;3660000;;5109242;3701809;NA;4941507;4419536
DISCK;13/10/2017 20:38:14;NA;2750000;2670000;;2723520;2651250;NA;2654655;2814826
DISH;13/10/2017 20:38:17;NA;6030000;2180000;;6019322;2017422;NA;NA;NA
DLTR;13/10/2017 20:38:21;NA;2050000;2220000;;2047235;2694943;NA;1928547;2608164
EA;13/10/2017 20:38:27;NA;1920000;2220000;;1911760;2110259;NA;1721659;2334095
EBAY;13/10/2017 20:38:30;NA;9390000;7380000;;9380192;7211185;NA;7890643;8058592
ENDP;13/10/2017 20:38:33;NA;0;12708;;4279268;6628954;NA;4103135;6055033
ESRX;13/10/2017 20:38:39;NA;3730000;3640000;;3718375;3259451;NA;3186065;3208770
EXPE;13/10/2017 20:38:43;NA;1780000;1790000;;1782116;1943923;NA;1679883;1882746
FAST;13/10/2017 20:38:47;NA;2840000;2680000;;2829782;2600095;NA;2660159;2962253
FB;13/10/2017 20:38:50;NA;13410000;14370000;;13393981;13501586;NA;12688061;15857487
FISV;13/10/2017 20:38:54;NA;702724;815248;;701317;764898;NA;617572;768056
FOX;13/10/2017 20:38:57;is;NA;NA;;4749401;2645921;NA;4557257;2542049
FOXA;13/10/2017 20:39:01;NA;9830000;7580000;;9791585;6961373;NA;9143509;7605123
GILD;13/10/2017 20:39:05;NA;5650000;9620000;;5638137;9590980;NA;5604792;9321046
GOOG;13/10/2017 20:39:08;NA;1150000;1330000;;1144877;1265638;NA;1063475;1424526
GOOGL;13/10/2017 20:39:11;NA;NA;NA;;1307667;1438218;NA;1231382;1618635
HSIC;13/10/2017 20:39:14;NA;668835;1480000;;667024;1396653;NA;603722;1223187
ILMN;13/10/2017 20:39:17;NA;422149;737568;;421042;769989;NA;371884;887309
INCY;13/10/2017 20:39:20;NA;1310000;1940000;;1305508;1569756;NA;1133587;1475876
INTC;13/10/2017 20:39:24;NA;16660000;22750000;;16637698;21823121;NA;14386259;22190283
INTU;13/10/2017 20:39:27;NA;1030000;1370000;;1028134;1349187;NA;803693;1295035
ISRG;13/10/2017 20:39:31;NA;649310;754889;;648555;806244;NA;586417;919923
JD;13/10/2017 20:39:34;NA;130000000;13600000;;12979355;14337108;NA;12583756;13075984
KHC;13/10/2017 20:39:37;NA;3710000;3390000;;3702075;3239725;NA;3449239;3087506
LBTYA;13/10/2017 20:39:41;NA;1100000;2330000;;1095103;2175119;NA;1035027;2090332
LBTYK;13/10/2017 20:40:13;NA;2870000;3260000;;2871858;NA;NA;NA;NA
LLTC;13/10/2017 20:40:17;NA;0;2660000;NA;NA;NA;NA;NA;NA
LMCA;13/10/2017 20:40:24;NA;0;357056;NA;NA;NA;NA;NA;NA
LMCK;13/10/2017 20:40:27;NA;NA;NA;NA;NA;NA;NA;NA;NA
LRCX;13/10/2017 20:40:31;NA;1540000;1910000;;1538566;2001784;NA;1442922;2138914
LVNTA;13/10/2017 20:40:34;NA;628215;563945;;627807;533622;NA;605150;583367
MAR;13/10/2017 20:40:40;NA;1660000;2230000;;1651539;2297950;NA;1495891;2131140
MAT;13/10/2017 20:40:43;NA;7050000;8170000;;7041641;7221806;NA;6781588;7548581
MDLZ;13/10/2017 20:40:47;NA;7040000;9240000;;7031396;8975180;NA;3752869;8341547
MELI;13/10/2017 20:40:50;NA;1310000;711596;;1304750;850000;NA;1272692;811793
MNST;13/10/2017 20:40:54;NA;500;9660;;968785;1918229;NA;834424;1856035
MSFT;13/10/2017 20:40:57;NA;15300000;17930000;;15226268;17683799;NA;12076964;19967098
MU;13/10/2017 20:41:00;NA;35300000;37320000;;35250036;31665064;NA;35278605;30727860
MXIM;13/10/2017 20:41:04;NA;1580000;1770000;;1578483;1858234;NA;870671;2026895
MYL;13/10/2017 20:41:07;is;NA;NA;;4826361;8134935;NA;4569558;7136870
NCLH;13/10/2017 20:41:11;NA;3940000;3210000;;3938533;2905333;NA;3804489;2476684
NFLX;13/10/2017 20:41:14;NA;11970000;6700000;;11957099;6396312;NA;11757437;7345480
NTAP;13/10/2017 20:41:20;NA;1860000;2900000;;1853018;2970536;NA;1575904;3162407
NTES;13/10/2017 20:41:24;NA;967104;1330000;;964627;1422586;NA;932477;1307072
NVDA;13/10/2017 20:41:29;NA;15670000;16450000;;15657511;16477390;NA;15313574;16744613
NXPI;13/10/2017 20:41:34;NA;1310000;1560000;;1301818;1521657;NA;1275821;1679160
ORLY;13/10/2017 20:41:37;NA;915482;1050000;;910067;1184424;NA;874218;1375143
PAYX;13/10/2017 20:41:41;NA;2080000;2190000;;2079724;2115045;NA;1869619;2208896
PCAR;13/10/2017 20:41:45;NA;2610000;1690000;;2600031;1600684;NA;2396528;1636629
PCLN;13/10/2017 20:41:47;NA;NA;NA;;342404;447798;NA;295935;427736
PYPL;13/10/2017 20:41:50;NA;8620000;6970000;;8593395;6496193;NA;7875632;7330430
QCOM;13/10/2017 20:41:54;NA;6310000;7700000;;6297125;7421343;NA;5604583;8290338
QVCA;13/10/2017 20:41:58;NA;2340000;3860000;;2337975;3982285;NA;2070941;3727478
REGN;13/10/2017 20:42:01;NA;718047;837981;;715497;746443;NA;620309;742804
ROST;13/10/2017 20:42:04;NA;2750000;2790000;;2739362;3378322;NA;2286780;3492727
SBAC;13/10/2017 20:42:07;NA;837769;2030000;;834987;1663768;NA;808697;1483024
SBUX;13/10/2017 20:42:11;NA;6190000;8580000;;6169485;9046864;NA;5714879;10153284
SIRI;13/10/2017 20:42:14;NA;181350000;121630000;;8664834;16016709;NA;8116512;17494480
SRCL;13/10/2017 20:42:17;NA;454093;647076;;452316;797724;NA;NA;NA
STX;13/10/2017 20:42:24;NA;4150000;4850000;;4139756;4651885;NA;3972982;5475684
SWKS;13/10/2017 20:42:28;NA;1240000;1500000;;1236229;1450730;NA;1132415;1606075
SYMC;13/10/2017 20:42:32;NA;3360000;6050000;;3351287;6754520;NA;2834429;6716566
TMUS;13/10/2017 20:42:35;NA;2390000;3870000;;2382512;3243671;NA;2217481;3604952
TRIP;13/10/2017 20:42:38;NA;1910000;2560000;;1905508;3170821;NA;1803217;2984590
TSCO;13/10/2017 20:42:42;NA;2260000;1820000;;2257503;2002796;NA;2090070;2228335
TSLA;13/10/2017 20:42:44;NA;3540000;5690000;;3527239;5644646;NA;3484775;6039986
TXN;13/10/2017 20:42:48;NA;2670000;3970000;;2663654;3884676;NA;2312752;4014656
ULTA;13/10/2017 20:42:51;NA;3790000;1250000;;3782827;1402534;NA;3723839;1360760
VIAB;13/10/2017 20:42:54;NA;9480000;5360000;;9478400;5508810;NA;8933786;5357960
VOD;13/10/2017 20:42:57;NA;2570000;2660000;;2569374;2667783;NA;2493153;2603050
VRTX;13/10/2017 20:43:00;NA;930131;1540000;;927783;1360234;NA;829067;1835249
WBA;13/10/2017 20:43:04;NA;8730000;6970000;;8723487;5914845;NA;7540145;5806023
WDC;13/10/2017 20:43:08;NA;5280000;4270000;;5282244;4193277;NA;3580888;4139024
WFM;13/10/2017 20:43:14;NA;0;6390000;NA;NA;NA;NA;NA;NA
XLNX;13/10/2017 20:43:20;NA;1770000;2160000;;1764066;2195203;NA;1597824;2378466
AABA;13/10/2017 20:45:14;NA;3370000;6730000;;3369398;6475243;NA;3292070;6391570
AAL;13/10/2017 20:45:17;NA;4680000;4630000;;2948734;5946487;NA;2735110;5834535
AAPL;13/10/2017 20:45:28;NA;16340000;28860000;;16329964;27913972;NA;15116184;27339878
ADBE;13/10/2017 20:45:31;NA;2510000;2610000;;2508295;2143784;NA;1964604;2059329
ADI;13/10/2017 20:45:34;NA;2230000;2400000;;2220233;2308313;NA;1953323;2257926
ADP;13/10/2017 20:45:37;NA;1240000;2630000;;1233789;4103369;NA;876973;4590166
ADSK;13/10/2017 20:45:41;NA;1260000;1820000;;1261402;1889001;NA;1157109;1796521
AKAM;13/10/2017 20:45:44;NA;1510000;1620000;;1508309;1592842;NA;850103;1911213
ALXN;13/10/2017 20:45:48;NA;707402;1560000;;704834;1462372;NA;633775;1553300
AMAT;13/10/2017 20:45:51;NA;10200000;10820000;;10197199;10340496;NA;8995302;10181586
AMGN;13/10/2017 20:45:57;NA;2330000;2670000;;2327624;2368641;NA;1839995;2500198
AMZN;13/10/2017 20:46:04;NA;NA;NA;;2397530;3105335;NA;2283554;3382040
ATVI;13/10/2017 20:46:07;NA;7150000;6060000;;7120483;5999521;NA;6370461;5808538
AVGO;13/10/2017 20:46:11;NA;1530000;2520000;;1520907;2567212;NA;1404379;2443520
BATRA;13/10/2017 20:46:14;NA;28446;50638;;28446;47254;NA;27127;59870
BATRK;13/10/2017 20:46:19;NA;131220;132001;;131208;134134;NA;120666;169406
BBBY;13/10/2017 20:46:22;NA;2590000;4940000;;2583028;3912597;NA;2426772;4278696
BIDU;13/10/2017 20:46:25;NA;2110000;2520000;;2109896;2613754;NA;2019306;2916521
BIIB;13/10/2017 20:46:28;NA;1350000;1300000;;1345322;1199324;NA;1241955;1261390
BMRN;13/10/2017 20:46:33;NA;657150;1320000;;654711;1316057;NA;607116;1316367
CA;13/10/2017 20:46:36;NA;1140000;1490000;;1130596;1940262;NA;964421;2354332
CELG;13/10/2017 20:46:39;NA;5130000;4020000;;5126820;3608971;NA;4818064;3626889
CERN;13/10/2017 20:46:43;NA;2180000;2230000;;2175744;1956378;NA;1849246;1859973
CHKP;13/10/2017 20:46:48;NA;745164;683396;;744443;693105;NA;698586;845364
CHTR;13/10/2017 20:46:53;ParkSANTRY;NA;NA;;2701852;1790354;NA;2312701;1798495
CMCSA;13/10/2017 20:46:56;NA;43550000;26340000;;43524735;21486703;NA;43175326;20905710
COST;13/10/2017 20:46:59;NA;3630000;3480000;;3621625;3366492;NA;3287704;3553501
CSCO;13/10/2017 20:47:02;NA;13470000;19170000;;13443747;20494625;NA;10686762;19616303
CSX;13/10/2017 20:47:05;NA;3910000;5450000;;3886182;5744376;NA;3485196;6991933
CTRP;13/10/2017 20:47:08;NA;1810000;4250000;;1806165;4634391;NA;NA;NA
CTSH;13/10/2017 20:47:12;NA;1410000;2650000;;1407050;2830606;NA;1210620;2990813
CTXS;13/10/2017 20:47:18;NA;1120000;1490000;;1118665;1502398;NA;983269;1419447
DISCA;13/10/2017 20:47:22;NA;5120000;3660000;;5109242;3701809;NA;4941507;4419536
DISCK;13/10/2017 20:47:25;NA;2750000;2670000;;2723520;2651250;NA;2654655;2814826
DISH;13/10/2017 20:47:28;NA;6030000;2180000;;6023375;2017422;NA;5701856;1995969
DLTR;13/10/2017 20:47:32;NA;2060000;2220000;;2055123;2694943;NA;1928547;2608164
EA;13/10/2017 20:47:35;NA;1920000;2220000;;1920637;2110259;NA;1721659;2334095
EBAY;13/10/2017 20:47:38;NA;9420000;7380000;;9408025;7211185;NA;7890643;8058592
ENDP;13/10/2017 20:47:41;NA;0;12708;;4279268;6628954;NA;4103135;6055033
ESRX;13/10/2017 20:47:44;NA;3730000;3640000;;3718600;3259451;NA;3186065;3208770
EXPE;13/10/2017 20:47:47;NA;1790000;1790000;;1789408;1943923;NA;1679883;1882746
FAST;13/10/2017 20:47:51;NA;2840000;2680000;;2829782;2600095;NA;2660159;2962253
FB;13/10/2017 20:47:53;NA;13420000;14370000;;13400737;13501586;NA;12688061;15857487
FISV;13/10/2017 20:47:57;NA;702724;815248;;701317;764898;NA;617572;768056
FOX;13/10/2017 20:48:00;is;NA;NA;;4749401;2645921;NA;4557257;2542049
FOXA;13/10/2017 20:48:03;NA;9830000;7580000;;9793141;6961373;NA;9143509;7605123
GILD;13/10/2017 20:48:06;NA;5650000;9620000;;5638140;9590980;NA;5604792;9321046
GOOG;13/10/2017 20:48:11;NA;1160000;1330000;;1156266;1265638;NA;1063475;1424526
GOOGL;13/10/2017 20:48:14;NA;NA;NA;;1315661;1438218;NA;1231382;1618635
HSIC;13/10/2017 20:48:17;NA;668835;1480000;;667024;1396653;NA;603722;1230143
ILMN;13/10/2017 20:48:20;NA;422149;737568;;421042;769989;NA;371884;881261
INCY;13/10/2017 20:48:23;NA;1310000;1940000;;1305508;1569756;NA;1133587;1475876
INTC;13/10/2017 20:48:27;NA;16660000;22750000;;16643270;21823121;NA;14386259;22190283
INTU;13/10/2017 20:48:30;NA;1030000;1370000;;1028134;1349187;NA;803693;1291556
ISRG;13/10/2017 20:48:33;NA;649921;754889;;649166;806244;NA;586417;919923
JD;13/10/2017 20:48:36;NA;13030000;13600000;;13005362;14337108;NA;12583756;13075984
KHC;13/10/2017 20:48:39;NA;3710000;3390000;;3702077;3239725;NA;3449239;3087506
LBTYA;13/10/2017 20:48:42;NA;1120000;2330000;;1113406;2175119;NA;1035027;2090332
LBTYK;13/10/2017 20:48:46;NA;2870000;3260000;;2872138;NA;NA;2744317;2821703
LLTC;13/10/2017 20:48:50;NA;0;2660000;NA;NA;NA;NA;NA;NA
LMCA;13/10/2017 20:48:55;NA;0;357056;NA;NA;NA;NA;NA;NA
LMCK;13/10/2017 20:48:57;NA;NA;NA;NA;NA;NA;NA;NA;NA
LRCX;13/10/2017 20:49:00;NA;1540000;1910000;;1538566;2001784;NA;NA;NA
LVNTA;13/10/2017 20:49:04;NA;628215;563945;;627807;533622;NA;605150;583367
MAR;13/10/2017 20:49:09;NA;1660000;2230000;;1651541;2297950;NA;1495891;2131140
MAT;13/10/2017 20:49:12;NA;7050000;8170000;;7041651;7221806;NA;6781588;7548581
MDLZ;13/10/2017 20:49:16;NA;7040000;9240000;;7031396;8975180;NA;NA;NA
MELI;13/10/2017 20:49:19;NA;1310000;711596;;1304782;850000;NA;1272692;811793
MNST;13/10/2017 20:49:24;NA;500;9660;;968785;1918229;NA;834424;1856035
MSFT;13/10/2017 20:49:26;NA;15310000;17930000;;15236236;17683799;NA;12076964;19967098
MU;13/10/2017 20:49:30;NA;35300000;37320000;;35250267;31665064;NA;35278605;30723946
MXIM;13/10/2017 20:49:33;NA;1580000;1770000;;1578483;1858234;NA;870671;2026895
MYL;13/10/2017 20:49:37;is;NA;NA;;4845357;8134935;NA;4569558;7136870
NCLH;13/10/2017 20:49:40;NA;3940000;3210000;;3938533;2905333;NA;3804489;2476684
NFLX;13/10/2017 20:49:44;NA;12030000;6700000;;12018116;6396312;NA;11757437;7345480
NTAP;13/10/2017 20:49:47;NA;1860000;2900000;;1853018;2970536;NA;1575904;3162407
NTES;13/10/2017 20:49:51;NA;970998;1330000;;968521;1422586;NA;932477;1307072
NVDA;13/10/2017 20:49:55;NA;15670000;16450000;;15664470;16477390;NA;15313574;16744613
NXPI;13/10/2017 20:49:59;NA;1310000;1560000;;1301818;1521657;NA;1275821;1679160
ORLY;13/10/2017 20:50:03;NA;915482;1050000;;910067;1184424;NA;874218;1375143
PAYX;13/10/2017 20:50:06;NA;2080000;2190000;;2079724;2115045;NA;1869619;2208896
PCAR;13/10/2017 20:50:14;NA;2610000;1690000;;2600031;1600684;NA;2396528;1636629
PCLN;13/10/2017 20:50:17;NA;NA;NA;;342512;447798;NA;295935;427736
PYPL;13/10/2017 20:50:20;NA;8620000;6970000;;8594211;6496193;NA;7875632;7331030
QCOM;13/10/2017 20:50:23;NA;6350000;7700000;;6335309;7421343;NA;5604583;8290338
QVCA;13/10/2017 20:50:27;NA;2340000;3860000;;2337975;3982285;NA;2070941;3727478
REGN;13/10/2017 20:50:30;NA;718051;837981;;715501;746443;NA;620309;742804
ROST;13/10/2017 20:50:34;NA;2750000;2790000;;2739362;3378322;NA;2286780;3492727
SBAC;13/10/2017 20:50:37;NA;838679;2030000;;835897;1663768;NA;808697;1483024
SBUX;13/10/2017 20:50:41;NA;6190000;8580000;;6170851;9046864;NA;5714879;10153284
SIRI;13/10/2017 20:50:45;NA;181350000;121630000;;8664886;16016709;NA;8116512;17494480
SRCL;13/10/2017 20:50:49;NA;454093;647076;;452316;797724;NA;414778;743389
STX;13/10/2017 20:50:54;NA;4180000;4850000;;4169245;4651885;NA;3972982;5475684
SWKS;13/10/2017 20:50:57;NA;1240000;1500000;;1236229;1450730;NA;1132415;1606075
SYMC;13/10/2017 20:51:01;NA;3360000;6050000;;3351287;6754520;NA;2834429;6716566
TMUS;13/10/2017 20:51:04;NA;2390000;3870000;;2382520;3243671;NA;2217481;3604952
TRIP;13/10/2017 20:51:07;NA;1920000;2560000;;1914505;3170821;NA;1803217;2984590
TSCO;13/10/2017 20:51:10;NA;2260000;1820000;;2258117;2002796;NA;NA;NA
TSLA;13/10/2017 20:51:14;NA;3540000;5690000;;3528461;5644646;NA;3484775;6039986
TXN;13/10/2017 20:51:17;NA;2670000;3970000;;2663654;3884676;NA;2312752;4014656
ULTA;13/10/2017 20:51:20;NA;3790000;1250000;;3784652;1402534;NA;3723839;1360760
VIAB;13/10/2017 20:51:23;NA;9480000;5360000;;9479523;5508810;NA;8933786;5357960
VOD;13/10/2017 20:51:26;NA;2570000;2660000;;2569374;2667783;NA;2493153;2603050
VRTX;13/10/2017 20:51:29;NA;930131;1540000;;927783;1360234;NA;829067;1835249
WBA;13/10/2017 20:51:32;NA;8730000;6970000;;8723743;5914845;NA;7540145;5806023
WDC;13/10/2017 20:51:37;NA;5280000;4270000;;5282366;4193277;NA;3580888;4139024
WFM;13/10/2017 20:51:40;NA;0;6390000;NA;NA;NA;NA;NA;NA
XLNX;13/10/2017 20:51:43;NA;1770000;2160000;;1764106;2195203;NA;1597824;2378466
